{
    "train_sizes": [
        5,
        10,
        15,
        20,
        25,
        30,
        50,
        60,
        70,
        80,
        90,
        100,
        120,
        150,
        180,
        200,
        250,
        300
    ],
    "mean_val_losses": [
        0.12973016109262991,
        0.0397835459868989,
        0.0906738162403963,
        0.04931336564288898,
        0.03330964677051497,
        0.03164293825267229,
        0.029971422861701288,
        0.028230873230445465,
        0.047597384255579,
        0.08945973829528811,
        0.039453288181238326,
        0.1774637192369645,
        0.2528721433392584,
        0.04334297230294646,
        0.045774214369450617,
        0.04306564942604874,
        0.020059716620869583,
        0.030082943557638773
    ],
    "std_val_losses": [
        0.2049978505957961,
        0.03408720187494584,
        0.09277231019512992,
        0.04259518775873595,
        0.019798254398320173,
        0.019519218585665674,
        0.016366029193131026,
        0.028351573207119517,
        0.05889213891940081,
        0.11016365416684237,
        0.05081785970621202,
        0.23139661267094733,
        0.3030440860750152,
        0.05395970734565846,
        0.06664181428563581,
        0.07999342553313703,
        0.020275479554633817,
        0.042864602698097116
    ]
}