{
    "train_sizes": [
        5,
        10,
        15,
        20,
        25,
        30,
        50,
        60,
        70,
        80,
        90,
        100,
        120,
        150,
        180,
        200,
        250,
        300
    ],
    "mean_val_losses": [
        0.12790949563696927,
        0.05889990824959681,
        0.05149962443461311,
        0.03814857575192036,
        0.01783634013746632,
        0.018217642983563563,
        0.026747890315360564,
        0.020527943883237944,
        0.01852021253339834,
        0.019480166337522177,
        0.02085472922338557,
        0.03546716267208685,
        0.029799566243107405,
        0.01682085631958398,
        0.012721910414717666,
        0.010771686135286848,
        0.012930533783658755,
        0.010864023610601636
    ],
    "std_val_losses": [
        0.18409890169069718,
        0.05884993842048805,
        0.04133356672072357,
        0.042638419253308135,
        0.015137719308573237,
        0.01130216686153642,
        0.01829727459865372,
        0.012296678747594953,
        0.013784081627720228,
        0.03383625570996912,
        0.031029006853124933,
        0.062325908356037074,
        0.07081700921913467,
        0.0206737283373724,
        0.012133329480605144,
        0.007706564181641596,
        0.008559437679689759,
        0.006873193690342513
    ]
}