{
    "train_sizes": [
        5,
        10,
        15,
        20,
        25,
        30,
        50,
        60,
        70,
        80,
        90,
        100,
        120,
        150,
        180,
        200,
        250,
        300
    ],
    "mean_val_losses": [
        0.1302861103496535,
        0.0332768685487008,
        0.0788440247968786,
        0.056341056890986556,
        0.03031449539898313,
        0.02613175935320517,
        0.03475333085862075,
        0.03122048322962655,
        0.045035129348024,
        0.0596334847498656,
        0.030640570248961007,
        0.025421343543479455,
        0.13982294222466105,
        0.03350289784177876,
        0.03214366345794499,
        0.023706257337877106,
        0.041164898930721394,
        0.014163401844147301
    ],
    "std_val_losses": [
        0.2128124031456147,
        0.029554660662027665,
        0.05899950988343924,
        0.032435827631619576,
        0.011322233570909215,
        0.015125552298922797,
        0.03546510927679364,
        0.05666188747156905,
        0.07206181213441601,
        0.09678255632810734,
        0.03301020850166244,
        0.02346583433279026,
        0.5789065658594178,
        0.03279900861910145,
        0.08013231256605147,
        0.03337653801805338,
        0.04020100777784831,
        0.004335358299309608
    ]
}