{
    "train_sizes": [
        5,
        10,
        15,
        20,
        25,
        30,
        50,
        60,
        70,
        80,
        90,
        100,
        120,
        150,
        180,
        200,
        250,
        300
    ],
    "mean_val_losses": [
        0.11020056491717696,
        0.03285067535405688,
        0.07087031554981119,
        0.06688064629241125,
        0.07031350927939638,
        0.07415091226653507,
        0.12122715523652733,
        0.10222488491330296,
        0.09971030215632969,
        0.07982958235952538,
        0.06234480360005464,
        0.05779579666373319,
        0.07342345048188387,
        0.06115937006706373,
        0.057684501653032676,
        0.049598679445800375,
        0.06019552935934625,
        0.05823562814233203
    ],
    "std_val_losses": [
        0.17925609693124586,
        0.02273470037458312,
        0.03303171491371851,
        0.02086307423470922,
        0.011106641067461374,
        0.02008981188732504,
        0.05736165436886119,
        0.054451297221422904,
        0.03416234732604026,
        0.02222134042208663,
        0.010557927899360525,
        0.009287609203532202,
        0.023789127003871587,
        0.017414488080721068,
        0.008693575164423569,
        0.010570172165351435,
        0.011861118696081583,
        0.013177117612207396
    ]
}