{
    "train_sizes": [
        5,
        10,
        15,
        20,
        25,
        30,
        50,
        60,
        70,
        80,
        90,
        100,
        120,
        150,
        180,
        200,
        250,
        300
    ],
    "mean_val_losses": [
        0.17527940216474236,
        0.041060846191248855,
        0.07219369359624883,
        0.0752643707965035,
        0.08266379608400166,
        0.08438268180005253,
        0.09817510011512785,
        0.06547826459437299,
        0.07310026278719306,
        0.06282147885067388,
        0.0505744098403698,
        0.0455360800337512,
        0.06153330034780084,
        0.04841049207064013,
        0.05251820915368928,
        0.0490195945049636,
        0.05744789038999007,
        0.04453324569104976
    ],
    "std_val_losses": [
        0.2043579706700109,
        0.025551968612363394,
        0.03619756190006573,
        0.021184131131683354,
        0.014507128965365941,
        0.021610459488281872,
        0.02671806773961107,
        0.013027544729812867,
        0.02233412701630434,
        0.01175055675796899,
        0.01032127339959195,
        0.007950043847866755,
        0.018602609964306623,
        0.00958212313368735,
        0.011726394995330658,
        0.012804724738315032,
        0.010392764258278361,
        0.012455410523819889
    ]
}