{
    "train_sizes": [
        5,
        10,
        15,
        20,
        25,
        30,
        50,
        60,
        70,
        80,
        90,
        100,
        120,
        150,
        180,
        200,
        250,
        300
    ],
    "mean_val_losses": [
        0.09731938620796426,
        0.028718783753283787,
        0.06620209746057905,
        0.072531520271732,
        0.07186881095450372,
        0.06690090773006281,
        0.08930573161598296,
        0.05562380722025409,
        0.055258546492883136,
        0.04616437829885399,
        0.041491791308055526,
        0.04014414032764033,
        0.09374940028535395,
        0.04568237758986652,
        0.04170141124337938,
        0.03475052948322263,
        0.045293130478705285,
        0.041629434757497315
    ],
    "std_val_losses": [
        0.15690225207689196,
        0.015002497757350361,
        0.0321560245993081,
        0.03175494827778532,
        0.027566878237110005,
        0.01839167540108409,
        0.02237139725840191,
        0.013008579160961329,
        0.011639608782081725,
        0.008498709113428527,
        0.007942879380850757,
        0.006499262398459626,
        0.13299358735763855,
        0.012269962722053593,
        0.006714779527740514,
        0.006984396172427369,
        0.0083695976257705,
        0.009914198047216811
    ]
}