{
    "train_sizes": [
        5,
        10,
        15,
        20,
        25,
        30,
        50,
        60,
        70,
        80,
        90,
        100,
        120,
        150,
        180,
        200,
        250,
        300
    ],
    "mean_val_losses": [
        0.1299248410249129,
        0.03298445994383656,
        0.06702481471040907,
        0.09103279291199215,
        0.07932583994418382,
        0.06531372921696554,
        0.06794376127514987,
        0.0414005316644519,
        0.039549715357965656,
        0.03427458787104115,
        0.027795912912115455,
        0.025484497604949863,
        0.042232190210197584,
        0.03528011807550987,
        0.10843852851769446,
        0.089261264202476,
        0.04965415138667449,
        0.03489886932306884
    ],
    "std_val_losses": [
        0.18103684307767579,
        0.0158538545489051,
        0.03109642070469835,
        0.07459425281570924,
        0.0235239896222484,
        0.02594083099474165,
        0.04134035295701101,
        0.008452962197539497,
        0.010094315186604022,
        0.007546664603311517,
        0.006426677854112494,
        0.0059315457791851356,
        0.010636302713256782,
        0.007155075960539233,
        0.15171358274165644,
        0.19562387252560695,
        0.058851796714474235,
        0.02129466955698086
    ]
}