{
    "train_sizes": [
        5,
        10,
        15,
        20,
        25,
        30,
        50,
        60,
        70,
        80,
        90,
        100,
        120,
        150,
        180,
        200,
        250,
        300
    ],
    "mean_val_losses": [
        0.11406431524024811,
        0.039730429693890984,
        0.08500267194392962,
        0.0734857986705174,
        0.09339009565487505,
        0.06102558771148323,
        0.062322373282164334,
        0.03947277216706425,
        0.04097561183235873,
        0.03279542580421548,
        0.026938105754217966,
        0.027180817828397267,
        0.040123676939692814,
        0.036735427825284814,
        0.03865405185566892,
        0.0381438094936675,
        0.045251994414586806,
        0.03786129452398745
    ],
    "std_val_losses": [
        0.171777418986331,
        0.027186894891208995,
        0.05038375336604915,
        0.040619483285233626,
        0.07862036417672706,
        0.016499111688085325,
        0.017916369181501406,
        0.008885469048035246,
        0.01274482832939616,
        0.008424131960972515,
        0.004834064102922774,
        0.00542831975607942,
        0.01309823253988063,
        0.012158517337612822,
        0.008198522199223362,
        0.0062594828322354015,
        0.008719746057213089,
        0.006420952041389516
    ]
}