{
    "train_sizes": [
        5,
        10,
        15,
        20,
        25,
        30,
        50,
        60,
        70,
        80,
        90,
        100,
        120,
        150,
        180,
        200,
        250,
        300
    ],
    "mean_val_losses": [
        0.12293803993961774,
        0.04422880248188449,
        0.08131383683068936,
        0.10913815474021249,
        0.08145529653830455,
        0.07716213094691435,
        0.09825795207172633,
        0.055527300438067556,
        0.04899979518393853,
        0.04338602064861334,
        0.040226297031703225,
        0.04031647805884132,
        0.054325742842535565,
        0.04005884873622563,
        0.04368260200455551,
        0.042221615733240465,
        0.049816948362346736,
        0.046706366851586315
    ],
    "std_val_losses": [
        0.20556202777187682,
        0.03205277230546313,
        0.03866557105226493,
        0.060558717419988285,
        0.02547595067696179,
        0.022269779118739317,
        0.05314353907505062,
        0.018590782042209333,
        0.012608112829752728,
        0.009884300857744959,
        0.005889313698301699,
        0.009344725015321647,
        0.030204931693788198,
        0.00911935501630798,
        0.007061604204301666,
        0.009658958025267611,
        0.009700128088699791,
        0.011163572187350404
    ]
}