{
    "train_sizes": [
        5,
        10,
        15,
        20,
        25,
        30,
        50,
        60,
        70,
        80,
        90,
        100,
        120,
        150,
        180,
        200,
        250,
        300
    ],
    "mean_val_losses": [
        0.09429017117101467,
        0.03936706605952168,
        0.10557261710604043,
        0.06660326406327328,
        0.05284477732330561,
        0.048097585396220284,
        0.050531172270886604,
        0.03712004982555906,
        0.03472547096383226,
        0.05906140862876427,
        0.03244797024759463,
        0.027051926896558144,
        0.03934222304781239,
        0.03377098857766638,
        0.026264765644543026,
        0.01985484227206325,
        0.023570826306601518,
        0.03154930056238421
    ],
    "std_val_losses": [
        0.14702004695658946,
        0.034428800850901414,
        0.05965166155852269,
        0.023919857798396015,
        0.020317543124403162,
        0.026010414894258052,
        0.01582978781013848,
        0.007950503887972131,
        0.01282809472991109,
        0.04843053457858757,
        0.006215502592330953,
        0.004192205446837589,
        0.013243027228564705,
        0.01330365245035209,
        0.00615456247515798,
        0.0040741425099277955,
        0.00626616448604008,
        0.014520526334819789
    ]
}