{
    "train_sizes": [
        5,
        10,
        15,
        20,
        25,
        30,
        50,
        60,
        70,
        80,
        90,
        100,
        120,
        150,
        180,
        200,
        250,
        300
    ],
    "mean_val_losses": [
        0.10625322641135426,
        0.0498852001947489,
        0.07249373426035163,
        0.08663404649472796,
        0.07756986574549227,
        0.07479769700206818,
        0.103517724535428,
        0.08879359518488249,
        0.09800089308326798,
        0.09635285878437572,
        0.08088305867121864,
        0.07896670298930257,
        0.0965075414387199,
        0.09349878043650339,
        0.07769772365352967,
        0.07890514236624585,
        0.07830409443723038,
        0.0716505495099506
    ],
    "std_val_losses": [
        0.18435321610025476,
        0.04020114820843405,
        0.031206003028316418,
        0.03132159442196993,
        0.013133821956970106,
        0.027357225421136278,
        0.024548727860843646,
        0.014083009156946085,
        0.027276737005670956,
        0.01779290872508358,
        0.01263536912501655,
        0.012117248343210289,
        0.030332720702502675,
        0.020338061010733183,
        0.012918746222610864,
        0.0179777286236367,
        0.011975203788949717,
        0.01622030473196222
    ]
}