{
    "train_sizes": [
        5,
        10,
        15,
        20,
        25,
        30,
        50,
        60,
        70,
        80,
        90,
        100,
        120,
        150,
        180,
        200,
        250,
        300
    ],
    "mean_val_losses": [
        0.13283792183760398,
        0.08679859040672454,
        0.09091942560682278,
        0.07159592036045524,
        0.06231814531981944,
        0.06283832063743222,
        0.05645392649341375,
        0.04900980435234184,
        0.04437899927982861,
        0.03806190106020949,
        0.033877804320590156,
        0.03163829878228717,
        0.04037342804838166,
        0.04182221519748903,
        0.0343648869288639,
        0.03526515908219153,
        0.03986153013964649,
        0.03218872490326188
    ],
    "std_val_losses": [
        0.19928081746464466,
        0.0730448623742994,
        0.05359491323404781,
        0.0343664305555809,
        0.023609067088809818,
        0.031708568079077154,
        0.017529044876055347,
        0.014268434797130431,
        0.014662246979266179,
        0.01498373893966823,
        0.013481484145967696,
        0.01055822881202121,
        0.01979452174123248,
        0.027836930904177614,
        0.03301128060494063,
        0.011603132130055368,
        0.016961859154492498,
        0.012472409373858613
    ]
}