{
    "train_sizes": [
        5,
        10,
        15,
        20,
        25,
        30,
        50,
        60,
        70,
        80,
        90,
        100,
        120,
        150,
        180,
        200,
        250,
        300
    ],
    "mean_val_losses": [
        0.08565614555263892,
        0.030878759094921406,
        0.05154463351985517,
        0.0644983818847686,
        0.06709094826504587,
        0.05812942890139918,
        0.07631213036179543,
        0.06144957278001433,
        0.06370689697430602,
        0.05870386033551767,
        0.05187534445741524,
        0.04900357921642717,
        0.06967333737130199,
        0.061114632076758414,
        0.053390833405008185,
        0.048488409771205616,
        0.054751782959402764,
        0.06074280061284662
    ],
    "std_val_losses": [
        0.15062798899842766,
        0.0204101607796767,
        0.02048179675728322,
        0.018103851311032496,
        0.010410669393783432,
        0.018942794120114216,
        0.019760546297092115,
        0.012705181302740487,
        0.015884511402619355,
        0.011856741971486586,
        0.011238670031819224,
        0.008838510633081071,
        0.014221726113161559,
        0.015593473763042808,
        0.0099891641122604,
        0.010346450207012806,
        0.009258390723209,
        0.012689281080649055
    ]
}