{
    "train_sizes": [
        5,
        10,
        100,
        200,
        300
    ],
    "mean_val_losses": [
        0.12153904214064823,
        0.07827182524701623,
        0.06823563545502838,
        0.03606866502767661,
        0.021586519051032767
    ],
    "std_val_losses": [
        0.17194883975869724,
        0.07916264330262077,
        0.07266541541642797,
        0.021274067293573947,
        0.007093438218806451
    ]
}