{
    "train_sizes": [
        5,
        10,
        15,
        20,
        25,
        30,
        50,
        60,
        70,
        80,
        90,
        100,
        120,
        150,
        180,
        200,
        250,
        300
    ],
    "mean_val_losses": [
        0.03701906749465593,
        0.03785599638451231,
        0.08885616975258089,
        0.07071416283818906,
        0.04132830899476949,
        0.03961130374649732,
        0.06537207537978929,
        0.03571901864327325,
        0.03258746567632833,
        0.03868941045796419,
        0.048101483830108115,
        0.04837169604036341,
        0.061379539889533506,
        0.07304527064430962,
        0.079776489868839,
        0.08389531397542858,
        0.08832755909099678,
        0.1051090519374449
    ],
    "std_val_losses": [
        0.06478139025091426,
        0.02995092675102289,
        0.05425771491709951,
        0.028199056142794703,
        0.018097077360828114,
        0.015181265966822557,
        0.03395312719546519,
        0.013546549435482568,
        0.01356996333766896,
        0.019647717429098276,
        0.024959572914196645,
        0.01468563146404489,
        0.020141943742074002,
        0.022592011111311566,
        0.0838918835669988,
        0.06299019434441958,
        0.038663669823476306,
        0.033541026678874854
    ]
}