{
    "train_sizes": [
        5,
        10,
        100,
        200,
        300
    ],
    "mean_val_losses": [
        0.10079427947055168,
        0.11503812056312343,
        0.15067961244506806,
        0.06006060525731301,
        0.05598278115954538
    ],
    "std_val_losses": [
        0.1607166093591868,
        0.11590333304588635,
        0.12847324396681445,
        0.059090665862592526,
        0.0643949225078403
    ]
}