{
    "train_sizes": [
        5,
        10,
        15,
        20,
        25,
        30,
        50,
        60,
        70,
        80,
        90,
        100,
        120,
        150,
        180,
        200,
        250,
        300
    ],
    "mean_val_losses": [
        0.05981635256772349,
        0.08324328890000103,
        0.10392247107297864,
        0.05590031602696399,
        0.03551314277737402,
        0.030052631440533634,
        0.038055070410191544,
        0.03330355144603042,
        0.036514331282385716,
        0.02433743269817114,
        0.02413034619960045,
        0.023858267095014072,
        0.028950770601571016,
        0.024670131990786714,
        0.020987548191224715,
        0.02041537580599129,
        0.026874239675503113,
        0.02035388245615687
    ],
    "std_val_losses": [
        0.11473806737348559,
        0.13028348365619175,
        0.06414775338549586,
        0.022746814876175626,
        0.008392967388874762,
        0.015139046056133284,
        0.012835028910466022,
        0.01669291129313449,
        0.023739393465833373,
        0.007603382123596973,
        0.015502246287371086,
        0.01482178856665228,
        0.018721083620739154,
        0.013282214050917618,
        0.005724580895623415,
        0.006608789014699252,
        0.022376250351036943,
        0.007340495562330425
    ]
}