{
    "train_sizes": [
        5,
        10,
        15,
        20,
        25,
        30,
        50,
        60,
        70,
        80,
        90,
        100,
        120,
        150,
        180,
        200,
        250,
        300
    ],
    "mean_val_losses": [
        0.10997878753358917,
        0.06317328478341461,
        0.06864345977591446,
        0.05273239239364557,
        0.03084803879959509,
        0.022599591148961432,
        0.03544752405409235,
        0.031575901250028744,
        0.030045742808371346,
        0.02026943934749397,
        0.027300784888683764,
        0.028772215183562364,
        0.04156832336001874,
        0.029325989381720617,
        0.01832778311207622,
        0.020205915783031343,
        0.028255898846763015,
        0.017177453849373178
    ],
    "std_val_losses": [
        0.18138957857172425,
        0.08678732126734456,
        0.04640979144001005,
        0.038265728480250796,
        0.018421981743780246,
        0.010983143474945887,
        0.02504477852524221,
        0.023042776756644658,
        0.018382083428005253,
        0.011232836477913287,
        0.03249647368100142,
        0.03239019053608515,
        0.06260513365959162,
        0.020032467214928674,
        0.011103846408276104,
        0.01861200209137737,
        0.029252448936641737,
        0.010714324134692607
    ]
}