{
    "train_sizes": [
        5,
        10,
        15,
        20,
        25,
        30,
        50,
        60,
        70,
        80,
        90,
        100,
        120,
        150,
        180,
        200,
        250,
        300
    ],
    "mean_val_losses": [
        0.10035646525939228,
        0.05796608859136738,
        0.08630540250582548,
        0.054035788678811515,
        0.046623885873239485,
        0.02426629559505576,
        0.03388175788556692,
        0.02656364179061105,
        0.025077053199721765,
        0.0233577445265837,
        0.01825052983435954,
        0.018203801897856465,
        0.022144769031486548,
        0.019775502525968477,
        0.020844230549450407,
        0.02067771436680732,
        0.02068512852795539,
        0.02425024939944342
    ],
    "std_val_losses": [
        0.14816082323999896,
        0.059522143470412237,
        0.06596009515988648,
        0.02530070000704057,
        0.03998892961571826,
        0.010951590806569135,
        0.016901094856616814,
        0.015501747222583448,
        0.012107127320528715,
        0.014347604249934372,
        0.00954254960747442,
        0.005596690741196849,
        0.011864795955720325,
        0.013361954204486859,
        0.013222649091719484,
        0.01123976105453721,
        0.006249151781270299,
        0.01824502021935617
    ]
}