{
    "train_sizes": [
        5,
        10,
        15,
        20,
        25,
        30,
        50,
        60,
        70,
        80,
        90,
        100,
        120,
        150,
        180,
        200,
        250,
        300
    ],
    "mean_val_losses": [
        0.08103560521058625,
        0.06328339156218014,
        0.0991695469239278,
        0.08581630351424792,
        0.07644810366421007,
        0.07019906130076076,
        0.08578063619416207,
        0.07331343563467574,
        0.07750594520841593,
        0.0707417359383544,
        0.06509674820531573,
        0.06300765045010484,
        0.08313770255636581,
        0.08383040807240955,
        0.07292578978308786,
        0.06272238579147961,
        0.07805410922388546,
        0.07047970861778595
    ],
    "std_val_losses": [
        0.1457418739185968,
        0.04989212165052522,
        0.06099169550251967,
        0.029432525485899308,
        0.01678059433910111,
        0.04040276698772428,
        0.027177770398547102,
        0.022116524474546217,
        0.025406090190327184,
        0.012119640041718683,
        0.011491914305197673,
        0.01238483068699697,
        0.024434546035545086,
        0.022528890150774167,
        0.014803128290754,
        0.010581097428467658,
        0.03671724391861822,
        0.017440786486144298
    ]
}