{
    "train_sizes": [
        5,
        10,
        15,
        20,
        25,
        30,
        50,
        60,
        70,
        80,
        90,
        100,
        120,
        150,
        180,
        200,
        250,
        300
    ],
    "mean_val_losses": [
        0.12115798762223222,
        0.05098962551137047,
        0.11111926667575231,
        0.05169218502133617,
        0.030383756127674136,
        0.025700881175774456,
        0.034677692284021754,
        0.028813054255430567,
        0.02348550107255245,
        0.02231099780983641,
        0.02199384116139198,
        0.023550349260098306,
        0.02466274649273449,
        0.025473537654674146,
        0.020683409784914043,
        0.01689104085866711,
        0.019286000631051136,
        0.022392228333244706
    ],
    "std_val_losses": [
        0.1919004886133244,
        0.045076449724865936,
        0.11190063648371748,
        0.02610814488264521,
        0.014740988412621194,
        0.015559562635845587,
        0.01692519184447874,
        0.018640097969102896,
        0.007144679466165572,
        0.008742957756581645,
        0.020262550834239085,
        0.025462648345984773,
        0.010795568038454486,
        0.022901327686668686,
        0.009476632155860212,
        0.006331955039461364,
        0.0101173996231659,
        0.0220993421568047
    ]
}