{
    "train_sizes": [
        5,
        10,
        15,
        20,
        25,
        30,
        50,
        60,
        70,
        80,
        90,
        100,
        120,
        150,
        180,
        200,
        250,
        300
    ],
    "mean_val_losses": [
        0.12817157775906168,
        0.10088918068758149,
        0.09662041383749624,
        0.052372718243922804,
        0.028351924745009457,
        0.02434709128693309,
        0.02903184919202613,
        0.0237422168970564,
        0.036707737805941824,
        0.0345611896065941,
        0.030351190860527722,
        0.01742198832234135,
        0.020934356794969064,
        0.018766142502829705,
        0.018818920667375397,
        0.02342675694683095,
        0.019413921127915092,
        0.01807792316775961
    ],
    "std_val_losses": [
        0.17979936041429587,
        0.08190128975265994,
        0.08282652652261087,
        0.03318748225815421,
        0.015483221721814372,
        0.01141189883182695,
        0.012440593263394705,
        0.010803751791004275,
        0.0349923292515505,
        0.02974318084788667,
        0.0432559160748555,
        0.009500003887440031,
        0.009861170577002955,
        0.006952156736495699,
        0.01433783957346017,
        0.041686529809227914,
        0.010058103786578648,
        0.024072663309023794
    ]
}