{
    "train_sizes": [
        5,
        10,
        15,
        20,
        25,
        30,
        50,
        60,
        70,
        80,
        90,
        100,
        120,
        150,
        180,
        200,
        250,
        300
    ],
    "mean_val_losses": [
        0.08080336127177816,
        0.06858999399650859,
        0.1062127215603159,
        0.03638417684189612,
        0.025921694917945385,
        0.021556853085542876,
        0.02424870313046608,
        0.026404166930724577,
        0.026657990461604907,
        0.02127920178538458,
        0.011973194924670093,
        0.012596508770595392,
        0.015979716470774293,
        0.012376713585787891,
        0.01273796298221416,
        0.008991470355267893,
        0.01702334243977166,
        0.016213037659244353
    ],
    "std_val_losses": [
        0.14571033001437536,
        0.0838412692504612,
        0.13784187484470084,
        0.02384659056810962,
        0.014729206780721274,
        0.018590497850989793,
        0.02068035575243564,
        0.02456419545510241,
        0.026231490547547302,
        0.022302442927900606,
        0.010626019475187569,
        0.02155736183737718,
        0.01307089182454897,
        0.009229668584645755,
        0.01056092717106301,
        0.006786079058356636,
        0.016764604721022567,
        0.02374164749104778
    ]
}