{
    "train_sizes": [
        5,
        10,
        15,
        20,
        25,
        30,
        50,
        60,
        70,
        80,
        90,
        100,
        120,
        150,
        180,
        200,
        250,
        300
    ],
    "mean_val_losses": [
        0.1014329096296342,
        0.06558328973867972,
        0.07171684097740921,
        0.04144247293384978,
        0.030134772987337785,
        0.021661548320553267,
        0.03190107486583293,
        0.02367964885498319,
        0.021797644592339304,
        0.018886741631431506,
        0.01881609778983855,
        0.019836224858605422,
        0.01862417422317473,
        0.017629683235846946,
        0.016309296108496105,
        0.014436856131364037,
        0.015222327497998046,
        0.012850052788975217
    ],
    "std_val_losses": [
        0.17917130781369572,
        0.05419478885328394,
        0.045505231163749535,
        0.01672238747438431,
        0.010727667947270937,
        0.009950557847643485,
        0.01516803365958329,
        0.005548296695859898,
        0.00611743943750067,
        0.013395890498303127,
        0.01235034071954936,
        0.0098068583045511,
        0.0075760935149440725,
        0.00804978761507569,
        0.004022853795331837,
        0.00647751087997029,
        0.005866524141286061,
        0.003955769062354292
    ]
}