{
    "train_sizes": [
        5,
        10,
        15,
        20,
        25,
        30,
        50,
        60,
        70,
        80,
        90,
        100,
        120,
        150,
        180,
        200,
        250,
        300
    ],
    "mean_val_losses": [
        0.10440970155198823,
        0.04777452231331438,
        0.06711606047479507,
        0.0590811924902664,
        0.024444596042681947,
        0.024462288131374712,
        0.04666894125667022,
        0.02448150291129423,
        0.029664800741967545,
        0.024917904768426525,
        0.021935166542486215,
        0.021731993612542282,
        0.02432053631406234,
        0.021312812839625016,
        0.018565463861814346,
        0.017118801343429368,
        0.021655337143479846,
        0.01671020099233253
    ],
    "std_val_losses": [
        0.15854001801905854,
        0.042486151865787795,
        0.06454822333040383,
        0.055417803885045996,
        0.012839909449972943,
        0.017205206445201612,
        0.06208300188129411,
        0.010383467775862939,
        0.014296786659839859,
        0.013478736802114621,
        0.008083674996366148,
        0.016320467465005567,
        0.010733450769398122,
        0.013888391314336205,
        0.008297587171510053,
        0.007104068329664275,
        0.022866089180009305,
        0.00666960031640537
    ]
}