{
    "train_sizes": [
        5,
        10,
        15,
        20,
        25,
        30,
        50,
        60,
        70,
        80,
        90,
        100,
        120,
        150,
        180,
        200,
        250,
        300
    ],
    "mean_val_losses": [
        0.12123083479883234,
        0.0607103349999476,
        0.08122111116451265,
        0.04718160820625144,
        0.030489480397460286,
        0.02391264140033551,
        0.028126305509475057,
        0.021981436522619337,
        0.02581697753557819,
        0.020712143809669216,
        0.015355550060068912,
        0.01716618039849709,
        0.02234310011095052,
        0.015589564539783168,
        0.01596960321432966,
        0.01874145495174355,
        0.021729148755234292,
        0.018801744535258572
    ],
    "std_val_losses": [
        0.18531359553897822,
        0.055918149048172994,
        0.054767651611973577,
        0.018927465906682938,
        0.015519139056662832,
        0.020147010781565125,
        0.01442767894785283,
        0.007562718538374677,
        0.014853027223898824,
        0.02120488776059871,
        0.006060931051487695,
        0.009691477333480292,
        0.012575982915050457,
        0.00514295600712464,
        0.005277522185281065,
        0.013711479667600645,
        0.01485334717179918,
        0.013100586323129583
    ]
}