{
    "train_sizes": [
        5,
        10,
        15,
        20,
        25,
        30,
        50,
        60,
        70,
        80,
        90,
        100,
        120,
        150,
        180,
        200,
        250,
        300
    ],
    "mean_val_losses": [
        0.10813444541145997,
        0.06227150924055346,
        0.08309849565066431,
        0.05485268297190487,
        0.040119262183667154,
        0.03322373818496999,
        0.03777254245134099,
        0.02669176742648233,
        0.02980019905899553,
        0.024180090032285762,
        0.02311764587327426,
        0.018305081839629426,
        0.03063226145374685,
        0.02339288188877085,
        0.01730285484099857,
        0.014839659452209846,
        0.021123871010471355,
        0.019081926464047307
    ],
    "std_val_losses": [
        0.158593135238414,
        0.06260640908192476,
        0.07475859732275308,
        0.023073146131898155,
        0.011471752748413373,
        0.016812651012522436,
        0.023953415955315478,
        0.008127698053825296,
        0.013474340400533271,
        0.01566238750610212,
        0.014640427055880192,
        0.0086760403495667,
        0.022513636628428944,
        0.017910098814857504,
        0.005870234701253506,
        0.005094806449424704,
        0.017424811502215313,
        0.008394419160664494
    ]
}