{
    "train_sizes": [
        5,
        10,
        15,
        20,
        25,
        30,
        50,
        60,
        70,
        80,
        90,
        100,
        120,
        150,
        180,
        200,
        250,
        300
    ],
    "mean_val_losses": [
        0.24012624204158783,
        0.21534723410382867,
        0.07788060132414104,
        0.042515489892393815,
        0.03619634237186983,
        0.03049278032151051,
        0.015450617132242772,
        0.029616332980998174,
        0.020613017981938486,
        0.04198475277262333,
        0.07348417279582159,
        0.05626561473679612,
        0.028010243412136333,
        0.018478944504808168,
        0.030286975798958896,
        0.03560349374144576,
        0.038972930563095295,
        0.02904804882664285
    ],
    "std_val_losses": [
        0.14367491624070597,
        0.2052775231317791,
        0.059840230011025196,
        0.0392623721554753,
        0.037779685841448155,
        0.04281372360727754,
        0.00809733089730793,
        0.03755211009970008,
        0.021813389687997134,
        0.05358400353463979,
        0.07048982440188128,
        0.06795945724808503,
        0.028541997912188536,
        0.012292258570250595,
        0.04089589956766232,
        0.06562806737572949,
        0.05717453416770961,
        0.032535124742875954
    ]
}