{
    "train_sizes": [
        5,
        10,
        15,
        20,
        25,
        30,
        50,
        60,
        70,
        80,
        90,
        100,
        120,
        150,
        180,
        200,
        250,
        300
    ],
    "mean_val_losses": [
        0.17152129501104355,
        0.07017802633345127,
        0.02610715092159808,
        0.010628237026394345,
        0.009416721619083546,
        0.009364084745466244,
        0.012751076876011212,
        0.011202211465182093,
        0.008020873205885955,
        0.006298981005129462,
        0.008392591292439544,
        0.00491613337767194,
        0.00613823198863732,
        0.006892066704167519,
        0.007855675409828886,
        0.008253076856288656,
        0.006914568813647565,
        0.005294345917139215
    ],
    "std_val_losses": [
        0.15547201224700755,
        0.04974848912952473,
        0.01556165065478803,
        0.007338642811806976,
        0.005757796435699456,
        0.005065755034308939,
        0.007141913105724168,
        0.011906336943386291,
        0.004218459219586286,
        0.002461849328174713,
        0.011658588958246474,
        0.0015607093549200124,
        0.0032799639357708895,
        0.002637318528364662,
        0.002564462895940186,
        0.008781923081160544,
        0.002839953112421043,
        0.0012054723426535646
    ]
}