{
    "train_sizes": [
        5,
        10,
        15,
        20,
        25,
        30,
        50,
        60,
        70,
        80,
        90,
        100,
        120,
        150,
        180,
        200,
        250,
        300
    ],
    "mean_val_losses": [
        0.13314780665764375,
        0.08503760486973533,
        0.06210439520881057,
        0.16187813134936732,
        0.2444162677608547,
        0.09836695084760018,
        0.09784511008633762,
        0.09535620073553369,
        0.09724422688597575,
        0.08124581810802084,
        0.06663506479503785,
        0.06537186483474428,
        0.07608226507432286,
        0.06945743704961597,
        0.07447439940015413,
        0.0760432907902958,
        0.06808557641986819,
        0.06842347009920614
    ],
    "std_val_losses": [
        0.21651041361901363,
        0.10519570582241945,
        0.03912050278440206,
        0.19692423349235882,
        0.25211119036272645,
        0.0375741067755267,
        0.028462933367654705,
        0.0540270079766367,
        0.046144442900279935,
        0.040761669906019475,
        0.027652386704521345,
        0.028950417334801335,
        0.03680751193603845,
        0.035794778927118,
        0.04117758432476698,
        0.04575931064636978,
        0.03268569242774432,
        0.03610597307000737
    ]
}