{
    "train_sizes": [
        5,
        10,
        15,
        20,
        25,
        30,
        50,
        60,
        70,
        80,
        90,
        100,
        120,
        150,
        180,
        200,
        250,
        300
    ],
    "mean_val_losses": [
        0.0612006251165735,
        0.0768655085998624,
        0.11537476048114133,
        0.09442568118923418,
        0.14302613603719513,
        0.07058088861396604,
        0.1073335152628863,
        0.1213517010958943,
        0.13405603419042744,
        0.09468825255002634,
        0.10216745616034215,
        0.08607500571022106,
        0.09333564057546112,
        0.05992810355692832,
        0.06425546427524345,
        0.0614765018851207,
        0.061979590875889105,
        0.06902896379003373
    ],
    "std_val_losses": [
        0.11863745450294144,
        0.06623192236303116,
        0.07806620474801383,
        0.06643306255467024,
        0.1625941704634141,
        0.025065946526374932,
        0.035690762856809465,
        0.03987724657880075,
        0.06228504494160312,
        0.03440499475194009,
        0.03400765905135329,
        0.02959225921443293,
        0.04380494631406306,
        0.03135298182956509,
        0.035374858264566565,
        0.018877223112421484,
        0.022187023226753682,
        0.02571363184332848
    ]
}