{
    "train_sizes": [
        5,
        10,
        15,
        20,
        25,
        30,
        50,
        60,
        70,
        80,
        90,
        100,
        120,
        150,
        180,
        200,
        250,
        300
    ],
    "mean_val_losses": [
        0.09467253092917934,
        0.037270015983376655,
        0.05625485876896618,
        0.13503101331472864,
        0.2681410294463858,
        0.1211440096755723,
        0.20942505160511612,
        0.21214725194695505,
        0.16306888856603544,
        0.12687184863077755,
        0.08238599089316483,
        0.08642372593272013,
        0.06263299928302633,
        0.061535389453143574,
        0.07458265955404171,
        0.06061239033426409,
        0.07593087265497099,
        0.07724459172756921
    ],
    "std_val_losses": [
        0.1687985591918036,
        0.030420512178498563,
        0.0326677456390997,
        0.07934792115016655,
        0.17974220169251642,
        0.11151753063050031,
        0.22892011247694213,
        0.17707044391084897,
        0.09067569358537815,
        0.07130996363640545,
        0.037077312937354986,
        0.04942807743577342,
        0.041415231043345206,
        0.014743205430490255,
        0.03654167869938886,
        0.019414933972148454,
        0.03711103119960025,
        0.02661162098459293
    ]
}