{
    "train_sizes": [
        5,
        10,
        15,
        20,
        25,
        30,
        50,
        60,
        70,
        80,
        90,
        100,
        120,
        150,
        180,
        200,
        250,
        300
    ],
    "mean_val_losses": [
        0.13264242999007425,
        0.051813831212338075,
        0.06057911927650588,
        0.05754550086111088,
        0.03982916711436997,
        0.03632186762554076,
        0.02666506042168567,
        0.017751090162318045,
        0.018343389278144655,
        0.015461669438690394,
        0.011692193065325682,
        0.0096163320145954,
        0.01230702734172155,
        0.009904358946817106,
        0.010024721180907015,
        0.007299592777228783,
        0.008504091433918028,
        0.01150524599300086
    ],
    "std_val_losses": [
        0.22386442810595922,
        0.043399583095570994,
        0.038268952105553096,
        0.03739154120656434,
        0.024994806950658144,
        0.025898247291232187,
        0.01468768527683723,
        0.007610660015296609,
        0.008140387271448123,
        0.011209335932964817,
        0.006469539921232974,
        0.003282720333625801,
        0.005880786624316206,
        0.005374562126546487,
        0.0042626356280615575,
        0.003423248613063041,
        0.002823736354857639,
        0.014623094658641521
    ]
}