{
    "train_sizes": [
        5,
        10,
        15,
        20,
        25,
        30,
        50,
        60,
        70,
        80,
        90,
        100,
        120,
        150,
        180,
        200,
        250,
        300
    ],
    "mean_val_losses": [
        0.10555619477236178,
        0.09574182741816685,
        0.08453667751624985,
        0.08091994012916985,
        0.09873405116796492,
        0.10871161409964164,
        0.11336475985869765,
        0.12430472095768588,
        0.15037974438580157,
        0.2210080237797787,
        0.12237420647107329,
        0.10698499247314901,
        0.08772323497723461,
        0.07825163322313082,
        0.06544034747700961,
        0.048375778266357194,
        0.04426553539060567,
        0.053475226866562385
    ],
    "std_val_losses": [
        0.14617224292653444,
        0.094785351204477,
        0.04996525019824898,
        0.042142947454868816,
        0.04458300128768731,
        0.05940839973652204,
        0.05210545205190745,
        0.07558797545653181,
        0.06376092193671766,
        0.35120329392813926,
        0.0704782694531479,
        0.06564518885281115,
        0.05269077799511547,
        0.040332690649899486,
        0.042902898620851566,
        0.03059777775746618,
        0.017163268673730078,
        0.023130037394781165
    ]
}