{
    "train_sizes": [
        5,
        10,
        15,
        20,
        25,
        30,
        50,
        60,
        70,
        80,
        90,
        100,
        120,
        150,
        180,
        200,
        250,
        300
    ],
    "mean_val_losses": [
        0.0987585296089183,
        0.06704835172306048,
        0.0878144686822755,
        0.06076842214971748,
        0.05291871710401028,
        0.040829193348957536,
        0.06282355248206295,
        0.09406581033137627,
        0.09025104432699402,
        0.11293771595868747,
        0.1469064912911401,
        0.16063795529899655,
        0.17924702668407314,
        0.14251393470323337,
        0.13003905401241758,
        0.10166017811710479,
        0.08676172597589904,
        0.07422360311370965
    ],
    "std_val_losses": [
        0.1386099760555746,
        0.07319815302887965,
        0.07345483737573469,
        0.02802041988391585,
        0.024329874737168033,
        0.01608497914252152,
        0.02257185415085806,
        0.07353264220527546,
        0.036848817895262544,
        0.0599566789614248,
        0.08404936884930543,
        0.13424300546886248,
        0.09736473295135055,
        0.07498165419621579,
        0.07329506812631015,
        0.06038383141740411,
        0.043655839130664044,
        0.048833951702422496
    ]
}