{
    "train_sizes": [
        5,
        10,
        15,
        20,
        25,
        30,
        50,
        60,
        70,
        80,
        90,
        100,
        120,
        150,
        180,
        200,
        250,
        300
    ],
    "mean_val_losses": [
        0.10840637775540156,
        0.06137809979462311,
        0.08652895240150846,
        0.07476566001098428,
        0.07263997995201499,
        0.07323583759522687,
        0.06950511848495808,
        0.08136623637285084,
        0.1352018769026576,
        0.19976855601649732,
        0.13216031129989358,
        0.22025572750066238,
        0.4028921372507466,
        0.18166968978983156,
        0.1637162012470233,
        0.09836705607634212,
        0.12711756986270775,
        0.07685559192790167
    ],
    "std_val_losses": [
        0.19272589688197697,
        0.07773111711021936,
        0.06618712870188187,
        0.07111883898863255,
        0.033226454955388056,
        0.04855498327404545,
        0.02330859872224611,
        0.04203686465329558,
        0.1998389899028747,
        0.10306337738479332,
        0.1549125593997729,
        0.1887072246261188,
        0.4260229862915809,
        0.15213398289462204,
        0.1980467766637531,
        0.07070601783168282,
        0.09918327314068723,
        0.04974779207664593
    ]
}