{
    "train_sizes": [
        5,
        10,
        15,
        20,
        25,
        30,
        50,
        60,
        70,
        80,
        90,
        100,
        120,
        150,
        180,
        200,
        250,
        300
    ],
    "mean_val_losses": [
        0.6353235721588135,
        0.47514352346770466,
        0.5420419599922995,
        0.7747265532614017,
        0.7282318439477823,
        0.6352412946301047,
        0.8271426044553519,
        1.1767180682718754,
        1.3232516051190237,
        1.3155820371955633,
        1.338507880502277,
        1.2976422501206397,
        1.2600574436783791,
        1.172675060391426,
        1.1056590226954883,
        1.0631911424696447,
        0.9706108205676078,
        0.834767001107335
    ],
    "std_val_losses": [
        0.3993624532961906,
        0.470639917235576,
        0.4801551650667045,
        0.6250391802386376,
        0.5022582029762352,
        0.3365443215106044,
        0.21600670112631026,
        0.3481026286449541,
        0.19639673304225427,
        0.19606817004529042,
        0.16390845379651264,
        0.14982055560938787,
        0.13102773280976268,
        0.14609744800272573,
        0.13883740346173398,
        0.14163115263761708,
        0.10289316639745996,
        0.08642618779524118
    ]
}