{
    "train_sizes": [
        5,
        10,
        15,
        20,
        25,
        30,
        50,
        60,
        70,
        80,
        90,
        100,
        120,
        150,
        180,
        200,
        250,
        300
    ],
    "mean_val_losses": [
        0.09640646551951065,
        0.05090492021982918,
        0.0828827972774161,
        0.13098953717388212,
        0.27857053512681157,
        0.10688628104670596,
        0.11000182700229379,
        0.09207045547887295,
        0.06587271291251194,
        0.057557225567834394,
        0.05287349136065739,
        0.0484796420321878,
        0.07156477173342761,
        0.061370806532706365,
        0.0521260025487785,
        0.05626513643944439,
        0.08037317918704874,
        0.0652276733914185
    ],
    "std_val_losses": [
        0.1675015800037738,
        0.04599316565980942,
        0.05102586089084782,
        0.06869200560566217,
        0.4683363160979108,
        0.06893414099529198,
        0.0863292998125417,
        0.14332277138769156,
        0.025470570148908522,
        0.035306645002197226,
        0.017701046509022513,
        0.019028845379690608,
        0.0337014216537329,
        0.0350094521485049,
        0.017975926653159818,
        0.024017752158897693,
        0.040537181505460325,
        0.02835117489384667
    ]
}