{
    "train_sizes": [
        5,
        10,
        15,
        20,
        25,
        30,
        50,
        60,
        70,
        80,
        90,
        100,
        120,
        150,
        180,
        200,
        250,
        300
    ],
    "mean_val_losses": [
        0.11035776148437604,
        0.06140026683237238,
        0.09110797124851311,
        0.13241336802660952,
        0.15155086500478046,
        0.1555812850401465,
        0.15359836821909995,
        0.11722391400020568,
        0.094402967588519,
        0.07322436410906193,
        0.06401383114812972,
        0.06863235003526597,
        0.08565176683996023,
        0.0880845772081196,
        0.0878282893284501,
        0.07622621003358011,
        0.08929554324360948,
        0.08266234330249872
    ],
    "std_val_losses": [
        0.18433275095489002,
        0.06815688620982926,
        0.06931770039396645,
        0.08855308742616487,
        0.10345367465812293,
        0.11353795620943066,
        0.06604688795404556,
        0.08015185018783197,
        0.03963135389349661,
        0.02369808088487241,
        0.01601925824098322,
        0.02686607950319845,
        0.029036421867319584,
        0.03490867181887054,
        0.04036604380621763,
        0.02651873298693027,
        0.03992690806511601,
        0.03704309836899392
    ]
}