{
    "train_sizes": [
        5,
        10,
        15,
        20,
        25,
        30,
        50,
        60,
        70,
        80,
        90,
        100,
        120,
        150,
        180,
        200,
        250,
        300
    ],
    "mean_val_losses": [
        0.06724670151212152,
        0.05385700307073421,
        0.09986336861760643,
        0.06710088212887967,
        0.04208582701167871,
        0.04512886390062098,
        0.06785839095164556,
        0.0776045730158334,
        0.12515121379867195,
        0.06086574240231068,
        0.055875445742793885,
        0.06086821661714929,
        0.0685509970226364,
        0.04106269575923215,
        0.05466110270690276,
        0.05073327951766351,
        0.053954615596312205,
        0.04756463781052517
    ],
    "std_val_losses": [
        0.1544237100215795,
        0.04537501454760259,
        0.09734265696167044,
        0.02780024153084995,
        0.017576628701766163,
        0.041003624271500776,
        0.0483955746703549,
        0.04133360726352246,
        0.07196652552018842,
        0.0251394732117947,
        0.026809596516396788,
        0.026062695948023705,
        0.037105959275179554,
        0.01576073293905392,
        0.015063352953358118,
        0.01636236025647871,
        0.020705713804395745,
        0.020672870154618633
    ]
}