{
    "train_sizes": [
        5,
        10,
        15,
        20,
        25,
        30,
        50,
        60,
        70,
        80,
        90,
        100,
        120,
        150,
        180,
        200,
        250,
        300
    ],
    "mean_val_losses": [
        0.1211158374324441,
        0.0481283223349601,
        0.030048313092750804,
        0.034382710382342335,
        0.02837890281714499,
        0.022280928258163236,
        0.04192685517575592,
        0.025446051346759,
        0.02760590571710574,
        0.06664569771033711,
        0.02846645147332715,
        0.02211907904478722,
        0.026624591858126222,
        0.029641810713852045,
        0.03740228404658069,
        0.03343394028931285,
        0.055321398475129395,
        0.20524586914488296
    ],
    "std_val_losses": [
        0.13520504396742505,
        0.01951561788701117,
        0.010641977137934322,
        0.007096948954387855,
        0.008427499779934284,
        0.005390677565978936,
        0.017661342190652345,
        0.005732081922694567,
        0.01934832102121874,
        0.058679333786558784,
        0.010720155794638676,
        0.006443807401387805,
        0.009538413942119815,
        0.015249289114527621,
        0.024093457918539958,
        0.02304108129852428,
        0.04297133065783562,
        0.14089872015846297
    ]
}