{
    "train_sizes": [
        5,
        10,
        15,
        20,
        25,
        30,
        50,
        60,
        70,
        80,
        90,
        100,
        120,
        150,
        180,
        200,
        250,
        300
    ],
    "mean_val_losses": [
        0.11440472804009914,
        0.045896646976470945,
        0.03206647067641219,
        0.0263776410673745,
        0.021711572490632533,
        0.019326836538190645,
        0.028042963014915587,
        0.022126611541801445,
        0.023686106729853367,
        0.021338825808197726,
        0.02478817277769041,
        0.029131946494337167,
        0.028072015101594534,
        0.029311849616123556,
        0.03607283653370037,
        0.036611341769457795,
        0.03510214206497983,
        0.03658938692292263
    ],
    "std_val_losses": [
        0.15544931560306402,
        0.015155044864737947,
        0.011074412230283907,
        0.007644009180354512,
        0.006061700865738918,
        0.005856726810364148,
        0.014597281368226318,
        0.004980270671884674,
        0.006590450766401629,
        0.003933804380455587,
        0.011301892271322568,
        0.008674604404873618,
        0.006213914790730107,
        0.00906741612930769,
        0.015411907094897039,
        0.02250181982941839,
        0.011963992181875159,
        0.017589866842306942
    ]
}