{
    "train_sizes": [
        5,
        10,
        15,
        20,
        25,
        30,
        50,
        60,
        70,
        80,
        90,
        100,
        120,
        150,
        180,
        200,
        250,
        300
    ],
    "mean_val_losses": [
        0.12554914824664593,
        0.055892300112172964,
        0.031989011829718944,
        0.03734203204978257,
        0.027454632129520182,
        0.020731869191707424,
        0.0343241357523948,
        0.028329228267539294,
        0.027621281194899764,
        0.03145867781073321,
        0.02905304882158008,
        0.025956561840139326,
        0.02513702753892479,
        0.018744527596498906,
        0.025894811540301377,
        0.07529824109655772,
        0.03846807294641985,
        0.017890889435198464
    ],
    "std_val_losses": [
        0.09654046112645638,
        0.029370487635164932,
        0.01206753128713438,
        0.009372756118709089,
        0.007892610173358563,
        0.003870820668305468,
        0.009506621548934833,
        0.005340720039789101,
        0.003948281838808182,
        0.012223478973563795,
        0.0115717249277667,
        0.004107705234473867,
        0.0035656973559449975,
        0.006388990312625926,
        0.009536216778972694,
        0.27040032907545486,
        0.06762461799914353,
        0.0026839438399410597
    ]
}