{
    "train_sizes": [
        5,
        10,
        15,
        20,
        25,
        30,
        50,
        60,
        70,
        80,
        90,
        100,
        120,
        150,
        180,
        200,
        250,
        300
    ],
    "mean_val_losses": [
        0.1534863854199648,
        0.062084438567981126,
        0.036611288230245315,
        0.0393066267715767,
        0.025769308520480993,
        0.020724114897505693,
        0.028412035177461804,
        0.032229488775289306,
        0.04097758751695177,
        0.05371580775885377,
        0.046101631885394456,
        0.04049331302731298,
        0.03502000690088607,
        0.05236371732668582,
        0.038284212399629626,
        0.029455751676376173,
        0.027182005365572328,
        0.02527525165221292
    ],
    "std_val_losses": [
        0.16556746894906138,
        0.029601791528930204,
        0.017434189186433056,
        0.014226344245354393,
        0.006498782171434448,
        0.006900552478747329,
        0.008676777989870762,
        0.008155723562550798,
        0.012662534625106614,
        0.03094030076405813,
        0.01072324773836411,
        0.011065221639741236,
        0.012014090907762343,
        0.014204630695091864,
        0.008555230373293725,
        0.005401738531167594,
        0.00540055353158795,
        0.004280201585440107
    ]
}