{
    "train_sizes": [
        5,
        10,
        15,
        20,
        25,
        30,
        50,
        60,
        70,
        80,
        90,
        100,
        120,
        150,
        180,
        200,
        250,
        300
    ],
    "mean_val_losses": [
        0.18023562036454677,
        0.04884657533839345,
        0.020143190779878452,
        0.01612259157351218,
        0.012336062863003466,
        0.007461316333307575,
        0.06181545009789989,
        0.019759297927763934,
        0.27073368556664457,
        0.016334619621920864,
        0.008248317056762367,
        0.02007564273366006,
        0.028179788058429644,
        0.01666624734978768,
        0.31452436308714027,
        0.010409114983202015,
        0.00891855455579771,
        0.010864917126760248
    ],
    "std_val_losses": [
        0.22227620716201885,
        0.033838419057522946,
        0.010195439323581934,
        0.007223551541904851,
        0.0056534602154400026,
        0.0030115311074804638,
        0.1517439295608873,
        0.022473398834498202,
        1.709343179847211,
        0.027646622739119317,
        0.006516272149562819,
        0.02711704820089517,
        0.0799740151288587,
        0.011858558003126204,
        1.6441094091140351,
        0.0023448942191508673,
        0.00271652193837447,
        0.009338718147628601
    ]
}