{
    "train_sizes": [
        5,
        10,
        15,
        20,
        25,
        30,
        50,
        60,
        70,
        80,
        90,
        100,
        120,
        150,
        180,
        200,
        250,
        300
    ],
    "mean_val_losses": [
        0.15567897509783507,
        0.06288790136575699,
        0.03896657852455974,
        0.03872461851104163,
        0.022498001366853718,
        0.020647331546060747,
        0.03276594661083072,
        0.02574729159163932,
        0.024440706987266567,
        0.02508315193466842,
        0.029320197041249933,
        0.029214853179175403,
        0.0329749339040912,
        0.02803132387470881,
        0.02877639765549652,
        0.025749316617855587,
        0.027203206190280618,
        0.025688741132918115
    ],
    "std_val_losses": [
        0.14552522384847577,
        0.03114273803371552,
        0.017397690786701756,
        0.011515189902259328,
        0.007309179187173596,
        0.00561593429313791,
        0.010494017723295425,
        0.0062839723158474815,
        0.004439250038015831,
        0.00521277246263739,
        0.0091075931703962,
        0.0063209771863270425,
        0.00812655110209064,
        0.005967146928526492,
        0.005679717273647414,
        0.006400807438435656,
        0.0069244435537950165,
        0.00627369373872953
    ]
}