{
    "train_sizes": [
        5,
        10,
        15,
        20,
        25,
        30,
        50,
        60,
        70,
        80,
        90,
        100,
        120,
        150,
        180,
        200,
        250,
        300
    ],
    "mean_val_losses": [
        0.15507760629057885,
        0.07976245536468923,
        0.06567993476986884,
        0.06961103147361428,
        0.046563837866298856,
        0.037491743521144,
        0.03790347430855035,
        0.02652852247857178,
        0.022966585866441687,
        0.021919341659522616,
        0.022295569709967825,
        0.022346778655890378,
        0.025730212516694637,
        0.022799273001020387,
        0.021878923451642746,
        0.018641219311725764,
        0.019340072460362717,
        0.019205503264767075
    ],
    "std_val_losses": [
        0.1343639751976878,
        0.04025616555737424,
        0.03454317196721721,
        0.031217961168262986,
        0.022015044631966692,
        0.014854355507707686,
        0.015369888766926347,
        0.0044828788573599045,
        0.003728707833912882,
        0.002935635200016913,
        0.0045015457765297685,
        0.0036651517837807627,
        0.005932661711695012,
        0.004405237450982904,
        0.0028536538112661084,
        0.003644168038937342,
        0.0031156899643504216,
        0.002944439019241444
    ]
}