{
    "train_sizes": [
        5,
        10,
        15,
        20,
        25,
        30,
        50,
        60,
        70,
        80,
        90,
        100,
        120,
        150,
        180,
        200,
        250,
        300
    ],
    "mean_val_losses": [
        0.15610752016305923,
        0.09109783356077969,
        0.054127851336573565,
        0.0400565448962152,
        0.026475019583478573,
        0.020266261253661166,
        0.03006615739595145,
        0.022464554330023624,
        0.021986952467621973,
        0.020066422407981007,
        0.022610155039259956,
        0.0224861797982594,
        0.02310415622458095,
        0.025959186659032032,
        0.024907308470198283,
        0.02038888843217501,
        0.019651434492228146,
        0.019992799317049503
    ],
    "std_val_losses": [
        0.13913095571629813,
        0.06383280598043299,
        0.024953089683205268,
        0.01413311833116876,
        0.00842230390226777,
        0.005963075485685068,
        0.012314938054406952,
        0.004477998417239743,
        0.0037922636226238307,
        0.002110548142987347,
        0.007839608068658977,
        0.00468580895892019,
        0.006551867840362243,
        0.007126021455865116,
        0.006210240435141583,
        0.006000966300509386,
        0.0035239897798037003,
        0.0036977537454722206
    ]
}