{
    "train_sizes": [
        5,
        10,
        15,
        20,
        25,
        30,
        50,
        60,
        70,
        80,
        90,
        100,
        120,
        150,
        180,
        200,
        250,
        300
    ],
    "mean_val_losses": [
        0.13801391128450632,
        0.042581015648320314,
        0.034522441383451216,
        0.02769394890172407,
        0.01765751890558749,
        0.015092705033409102,
        0.037281731055118145,
        0.026516937859511622,
        0.02384064212175352,
        0.02211334671708755,
        0.02416282660586553,
        0.024432952116243543,
        0.026666481169328713,
        0.03877968325139955,
        0.02291742322628125,
        0.020938068296616617,
        0.02101725201612353,
        0.02051247667012224
    ],
    "std_val_losses": [
        0.16684704017189805,
        0.020661391601972588,
        0.009786690429266843,
        0.009051426622433939,
        0.0049158430634837335,
        0.004337643556742374,
        0.009812981829654161,
        0.005061511912962803,
        0.003064822324334229,
        0.0034469653681431316,
        0.005882963694781422,
        0.004082538424261721,
        0.007748525777107996,
        0.10940523197847977,
        0.004739955002197779,
        0.0037220574902862005,
        0.0025466426956362253,
        0.0024471410984858227
    ]
}