{
    "train_sizes": [
        5,
        10,
        15,
        20,
        25,
        30,
        50,
        60,
        70,
        80,
        90,
        100,
        120,
        150,
        180,
        200,
        250,
        300
    ],
    "mean_val_losses": [
        0.16075673937797547,
        0.05715582389384508,
        0.04601551206161579,
        0.033299335020128634,
        0.02471338536031545,
        0.024256842629984024,
        0.037155190701596445,
        0.02968785241634275,
        0.033115436632984455,
        0.03599021756206639,
        0.048187199373626054,
        0.05341137175075711,
        0.03457430098923699,
        0.03992059018167281,
        0.03071301356760968,
        0.025442368984331377,
        0.024315629259271557,
        0.023064357081761352
    ],
    "std_val_losses": [
        0.14163180026604993,
        0.038189490226316916,
        0.013642765996311193,
        0.011697057323140293,
        0.010521715842412686,
        0.00948540019857046,
        0.017191914731017544,
        0.007832131158277637,
        0.005801843674044527,
        0.006088659784408622,
        0.01651217431609261,
        0.0264477351266643,
        0.007367690759264333,
        0.013523418036414197,
        0.008105543386012076,
        0.007948512355063674,
        0.004946758129169264,
        0.004430710237818888
    ]
}