{
    "train_sizes": [
        5,
        10,
        15,
        20,
        25,
        30,
        50,
        60,
        70,
        80,
        90,
        100,
        120,
        150,
        180,
        200,
        250,
        300
    ],
    "mean_val_losses": [
        0.1115373370051384,
        0.05871296938508749,
        0.033258098096897205,
        0.03490034273592755,
        0.028645216973498467,
        0.023478450907859955,
        0.03223376076761633,
        0.031008908178967735,
        0.023592627853421227,
        0.020015988750383257,
        0.0216798795790722,
        0.018379129190929232,
        0.01940915615220244,
        0.018623958433813335,
        0.01813042449479326,
        0.017114841258342495,
        0.017272216816387437,
        0.017939124864700867
    ],
    "std_val_losses": [
        0.10664107827182064,
        0.029371091753636464,
        0.014225109534573383,
        0.006344886362145028,
        0.006553805983448185,
        0.006910308208216422,
        0.009248494719127772,
        0.016181155641917775,
        0.005841429347571374,
        0.0031245274070048853,
        0.006614973028864435,
        0.00325766108038229,
        0.0028780771290427597,
        0.006348983653578425,
        0.0020769022053876798,
        0.002921456058881188,
        0.004306231892408357,
        0.002046574547048967
    ]
}