{
    "train_sizes": [
        5,
        10,
        15,
        20,
        25,
        30,
        50,
        60,
        70,
        80,
        90,
        100,
        120,
        150,
        180,
        200,
        250,
        300
    ],
    "mean_val_losses": [
        0.04782535536553041,
        0.040220725349380475,
        0.08718398774159508,
        0.09011088870372994,
        0.048106316449640876,
        0.033696877556212715,
        0.06392872044794058,
        0.0518260513338464,
        0.047352209062139855,
        0.04209314378425916,
        0.04971514380379327,
        0.05818862195441898,
        0.05901934677747401,
        0.06971608976001714,
        0.07627698076124419,
        0.08747942413738591,
        0.10703755798460374,
        0.1070042010252907
    ],
    "std_val_losses": [
        0.07913962553199803,
        0.03201097831826051,
        0.04412780404926241,
        0.032660315160446644,
        0.021313140734617347,
        0.015101972508152041,
        0.030216202335266992,
        0.01831810071843704,
        0.022221446054223878,
        0.009779393106222558,
        0.01477467063945475,
        0.019075605376532145,
        0.020409993476601853,
        0.02446536583381985,
        0.01236161261463986,
        0.015908393877452343,
        0.01910992627172559,
        0.011879101168422963
    ]
}