{
    "train_sizes": [
        5,
        10,
        15,
        20,
        25,
        30,
        50,
        60,
        70,
        80,
        90,
        100,
        120,
        150,
        180,
        200,
        250,
        300
    ],
    "mean_val_losses": [
        0.031211242889462483,
        0.03702895182729014,
        0.07621788874996999,
        0.07807040013013307,
        0.057723532910801165,
        0.06286859308593648,
        0.09624168297182431,
        0.11778542868561953,
        0.11447927874423475,
        0.11329215650308534,
        0.10984533808694213,
        0.11096394814835192,
        0.12573584824152892,
        0.10488114060240841,
        0.12151812158487947,
        0.12960877884359356,
        0.14191893632687247,
        0.1369793773617701
    ],
    "std_val_losses": [
        0.05504392946736068,
        0.02858570121672232,
        0.045503384118466106,
        0.031139526532668587,
        0.019330429041533863,
        0.03425892332900524,
        0.028438134375017785,
        0.10826719006244372,
        0.05807536866769228,
        0.04154601708043984,
        0.030606641815241795,
        0.024713928131672298,
        0.04655332164875041,
        0.022396345696599897,
        0.01812210667544823,
        0.0397830354815124,
        0.019204860453170443,
        0.027759818496445068
    ]
}