{
    "train_sizes": [
        5,
        10,
        15,
        20,
        25,
        30,
        50,
        60,
        70,
        80,
        90,
        100,
        120,
        150,
        180,
        200,
        250,
        300
    ],
    "mean_val_losses": [
        0.08094955443348936,
        0.06953824831354012,
        0.12767788065950017,
        0.06639728174506115,
        0.07544687315359368,
        0.026203201003130134,
        0.026120377737089258,
        0.024316425790688455,
        0.022422249498881035,
        0.016614892614901466,
        0.04250499565498888,
        0.021826426437285384,
        0.021570770417194657,
        0.015470873989692335,
        0.017772973867208747,
        0.017191473405866416,
        0.019564348248844635,
        0.014785540853283239
    ],
    "std_val_losses": [
        0.14375669191932758,
        0.09046046563855341,
        0.13528943267148946,
        0.049169611703603636,
        0.09395552012972368,
        0.018806119075583543,
        0.014408341087780897,
        0.013464923000791145,
        0.011288609040242686,
        0.00765911383771927,
        0.06757166872701104,
        0.017975581364818964,
        0.011816430799947965,
        0.007035816516898401,
        0.006719295509642555,
        0.008845157180160924,
        0.014195105820996362,
        0.006743549099757967
    ]
}