{
    "train_sizes": [
        5,
        10,
        15,
        20,
        25,
        30,
        50,
        60,
        70,
        80,
        90,
        100,
        120,
        150,
        180,
        200,
        250,
        300
    ],
    "mean_val_losses": [
        0.10276817366970076,
        0.05746198381016385,
        0.05096930079803049,
        0.031683480994797716,
        0.01824034513456354,
        0.019263380880784095,
        0.028000629667818425,
        0.02583481555113849,
        0.019768641095225966,
        0.030806773655560848,
        0.03508981106752227,
        0.017350096472810727,
        0.02174372096511035,
        0.023294249127992765,
        0.020793794625518558,
        0.009870423734559269,
        0.012054082979120721,
        0.010148111514134903
    ],
    "std_val_losses": [
        0.16083742736834564,
        0.047321792290228155,
        0.05564348245193359,
        0.01801740042740966,
        0.010568978110555249,
        0.016593523293378494,
        0.042882962540093605,
        0.059728892502259344,
        0.02639145534083245,
        0.07996858056908539,
        0.05493615788408896,
        0.025610875696711645,
        0.024506499273060634,
        0.046301338972790915,
        0.04463841173502931,
        0.007519299945517519,
        0.009935628575054183,
        0.005517767096841406
    ]
}