{
    "train_sizes": [
        5,
        10,
        15,
        20,
        25,
        30,
        50,
        60,
        70,
        80,
        90,
        100,
        120,
        150,
        180,
        200,
        250,
        300
    ],
    "mean_val_losses": [
        0.1266013675699893,
        0.10255454168043983,
        0.10887595820727762,
        0.061052542964443485,
        0.0457623499084766,
        0.02524756479217709,
        0.03470806343829804,
        0.02035876133424662,
        0.02213646986322471,
        0.01579123669443561,
        0.015729054799001763,
        0.013326447956032326,
        0.015971479852737502,
        0.016897355618005122,
        0.011666023559838172,
        0.01289597782081182,
        0.015802223047854932,
        0.01981214440540591
    ],
    "std_val_losses": [
        0.19593766189674433,
        0.10683117571663754,
        0.06637983346873154,
        0.051723953823410385,
        0.052642230052928694,
        0.02294135031669981,
        0.02946553714739299,
        0.016495976095723786,
        0.012404955797316465,
        0.009951165332340983,
        0.011461258751339506,
        0.008954045997709223,
        0.01026755197542622,
        0.02116979742677765,
        0.005519994603376193,
        0.009845689474258986,
        0.00971615282013094,
        0.030527999735093833
    ]
}