{
    "train_sizes": [
        5,
        10,
        15,
        20,
        25,
        30,
        50,
        60,
        70,
        80,
        90,
        100,
        120,
        150,
        180,
        200,
        250,
        300
    ],
    "mean_val_losses": [
        0.07397161497734488,
        0.08308023249519465,
        0.237070557089246,
        0.29409142174365116,
        0.3211724256447051,
        0.33871240519974277,
        0.4936954402942502,
        0.505273447137018,
        0.5487504320948626,
        0.5447409824889564,
        0.5537705394583301,
        0.5487969544176012,
        0.594129832141989,
        0.5288929210421242,
        0.5006802236016483,
        0.480566714656663,
        0.48844721447345224,
        0.44389877547110274
    ],
    "std_val_losses": [
        0.14114833159497858,
        0.07550157594792396,
        0.16981598276013624,
        0.12110667332912636,
        0.07998616417206642,
        0.11083089619902037,
        0.08729876753921195,
        0.0463348950588013,
        0.08358749029343579,
        0.0640229530000498,
        0.05635227030361455,
        0.0492998605871906,
        0.08017761058835515,
        0.061211285053727776,
        0.038348835768591535,
        0.05714633656471195,
        0.04066155339556348,
        0.04973166077708764
    ]
}