{
    "train_sizes": [
        5,
        10,
        15,
        20,
        25,
        30,
        50,
        60,
        70,
        80,
        90,
        100,
        120,
        150,
        180,
        200,
        250,
        300
    ],
    "mean_val_losses": [
        0.10046557245048461,
        0.05089100427178437,
        0.06011603583070607,
        0.028723881202395204,
        0.01802447264023067,
        0.022223218854547307,
        0.029552988167080005,
        0.021329422654675148,
        0.0199136992350967,
        0.01699645062319064,
        0.016458306359294916,
        0.01614846034877894,
        0.014058779542271319,
        0.012018488516213741,
        0.01195628989560368,
        0.012951101743712003,
        0.012393413232547572,
        0.011826232328444031
    ],
    "std_val_losses": [
        0.12773496485961752,
        0.05196428891381672,
        0.05147863272701216,
        0.011865416374329394,
        0.0074740079882318925,
        0.03214323601686999,
        0.036355385806616014,
        0.028831866190184543,
        0.019223116150220307,
        0.012937121956064244,
        0.012951449364762906,
        0.027830433286903877,
        0.008139012793458017,
        0.009497204462213374,
        0.01231441785414825,
        0.01120556834657689,
        0.014858370433192939,
        0.010722265832277924
    ]
}