{
    "train_sizes": [
        5,
        10,
        15,
        20,
        25,
        30,
        50,
        60,
        70,
        80,
        90,
        100,
        120,
        150,
        180,
        200,
        250,
        300
    ],
    "mean_val_losses": [
        0.07799894925650804,
        0.06389733712263691,
        0.15139506723310284,
        0.12985905061592173,
        0.07802946274928922,
        0.05620918282263952,
        0.05395005616435702,
        0.03334192206964986,
        0.03814258786789228,
        0.03200767164351714,
        0.03690825911580443,
        0.03317929095601355,
        0.04115446912490825,
        0.05083947747093849,
        0.017920763657625433,
        0.014488883134727076,
        0.013555117595117192,
        0.014138702779398877
    ],
    "std_val_losses": [
        0.1466502641256545,
        0.059725896529919636,
        0.21227524011390725,
        0.10751238301435448,
        0.05599864354333538,
        0.05022300241891215,
        0.07564543493930315,
        0.025483726426241266,
        0.038615487404475825,
        0.04985169264841135,
        0.05800905227707408,
        0.04227863476138881,
        0.04057563146094208,
        0.09330555699043275,
        0.019174042315280068,
        0.009453788728404345,
        0.007192106325726447,
        0.008238766726472847
    ]
}