{
    "train_sizes": [
        5,
        10,
        15,
        20,
        25,
        30,
        50,
        60,
        70,
        80,
        90,
        100,
        120,
        150,
        180,
        200,
        250,
        300
    ],
    "mean_val_losses": [
        0.09748103435579153,
        0.040926854474079705,
        0.08261453577299192,
        0.0580976358278906,
        0.035735709169819524,
        0.028001105122760536,
        0.0305178674976014,
        0.019053753423158924,
        0.030040086473844502,
        0.02982109093069127,
        0.026007229909931383,
        0.016714662756727193,
        0.017131711409941394,
        0.014782678512611409,
        0.02005259657013514,
        0.01485593532802568,
        0.016692198597292006,
        0.02531140319747123
    ],
    "std_val_losses": [
        0.17621163886033434,
        0.030243205728612232,
        0.1384134721927047,
        0.03483765810637714,
        0.028135734797207806,
        0.026622715595289583,
        0.021350371684441573,
        0.015345889434199683,
        0.062402452607819354,
        0.03734365328878227,
        0.04939069044141055,
        0.02830476193737106,
        0.010891999977617283,
        0.011167711495916697,
        0.02222262034256949,
        0.015053706917673638,
        0.019095473107537793,
        0.040848904475060184
    ]
}