{
    "train_sizes": [
        5,
        10,
        15,
        20,
        25,
        30,
        50,
        60,
        70,
        80,
        90,
        100,
        120,
        150,
        180,
        200,
        250,
        300
    ],
    "mean_val_losses": [
        0.08845050570303954,
        0.060105841923507014,
        0.09235798275439996,
        0.05940650404306844,
        0.03079819024786036,
        0.030973301361549188,
        0.033333145030207505,
        0.01590836559587236,
        0.03429700697242632,
        0.021165863629721643,
        0.018865685871302877,
        0.012849936308222825,
        0.014608853088479918,
        0.0302003407176222,
        0.017769068146918636,
        0.011681654554732064,
        0.011310273370358464,
        0.014404322877449683
    ],
    "std_val_losses": [
        0.1584362132797286,
        0.05393000456300167,
        0.05517631396588286,
        0.04661765299235273,
        0.0246573488714598,
        0.03713642606427648,
        0.029802634190648877,
        0.011068712053841825,
        0.03998085059173226,
        0.041196858795925696,
        0.028020707548225356,
        0.008289324923512193,
        0.010652300569972751,
        0.06051500957680658,
        0.03083429140929165,
        0.018181075210078727,
        0.010781697189929072,
        0.01624537824935485
    ]
}