{
    "train_sizes": [
        5,
        10,
        15,
        20,
        25,
        30,
        50,
        60,
        70,
        80,
        90,
        100,
        120,
        150,
        180,
        200,
        250,
        300
    ],
    "mean_val_losses": [
        0.07328882615670636,
        0.048074585080555086,
        0.08339285039736608,
        0.03982522134438977,
        0.020392478184134234,
        0.016647341502393827,
        0.03186017311063188,
        0.01443122374149728,
        0.019241372996575426,
        0.012386778195900661,
        0.011374165319560538,
        0.012439915832990665,
        0.014086672296198232,
        0.01208763708002516,
        0.012649697924540912,
        0.011428666152853113,
        0.018515918735334706,
        0.014267104799136327
    ],
    "std_val_losses": [
        0.13815358918262596,
        0.044901251052264425,
        0.06736542184364346,
        0.03254823992150186,
        0.008352631500736894,
        0.011725036637901736,
        0.04308999542639777,
        0.006596389004923564,
        0.024349594900719623,
        0.00690609941804283,
        0.005976061104974749,
        0.01868874157187262,
        0.006912207644456861,
        0.006590191509566223,
        0.0053153560507014815,
        0.009477378145506808,
        0.024009531619168176,
        0.0055340516289168465
    ]
}