{
    "train_sizes": [
        5,
        10,
        15,
        20,
        25,
        30,
        50,
        60,
        70,
        80,
        90,
        100,
        120,
        150,
        180,
        200,
        250,
        300
    ],
    "mean_val_losses": [
        0.049343781760962886,
        0.05180384130282533,
        0.07157732820497838,
        0.042893382938234484,
        0.0540710947036057,
        0.024194040668323095,
        0.03373499007703322,
        0.03862924498099043,
        0.030524926057787526,
        0.03189815656545534,
        0.01877136244031135,
        0.023241640277564982,
        0.020796153296129584,
        0.021598119067197937,
        0.015213350562278138,
        0.014203890696491384,
        0.012885998514869969,
        0.012267359633671997
    ],
    "std_val_losses": [
        0.11333090390593338,
        0.04966522269109412,
        0.07629351866485354,
        0.03786749610104418,
        0.07018589670259526,
        0.015978804490783906,
        0.016490235736132352,
        0.020406935701418466,
        0.03107621387231306,
        0.04881835237520008,
        0.015403732165962532,
        0.022946924076561993,
        0.008335292122882997,
        0.01988047679737424,
        0.008998416411222144,
        0.01555397319397134,
        0.010045173448787682,
        0.00798388101257528
    ]
}