{
    "train_sizes": [
        5,
        10,
        15,
        20,
        25,
        30,
        50,
        60,
        70,
        80,
        90,
        100,
        120,
        150,
        180,
        200,
        250,
        300
    ],
    "mean_val_losses": [
        0.11522760655299948,
        0.05338938437315278,
        0.10475216312928938,
        0.04364716837618431,
        0.021711733351215113,
        0.01337890397149143,
        0.020240680808894237,
        0.014187638026790714,
        0.016819722258613702,
        0.013376210323416729,
        0.010026778811985017,
        0.010712409997402575,
        0.015255519829685604,
        0.010066104703092908,
        0.01321916060841128,
        0.007681565552426035,
        0.00929248462885298,
        0.012144780547388717
    ],
    "std_val_losses": [
        0.20802539816446278,
        0.05584636379020091,
        0.09704235509641317,
        0.034022039270479344,
        0.023928549721589507,
        0.0074959824124645235,
        0.018586212354216307,
        0.007158713116975095,
        0.015873363437780248,
        0.004539109719484115,
        0.0031741826178166154,
        0.005855030328495087,
        0.009603003110179718,
        0.0031882705631098083,
        0.019157015462880653,
        0.0026599244430135804,
        0.0022198157392314165,
        0.007542788868656904
    ]
}