{
    "train_sizes": [
        5,
        10,
        15,
        20,
        25,
        30,
        50,
        60,
        70,
        80,
        90,
        100,
        120,
        150,
        180,
        200,
        250,
        300
    ],
    "mean_val_losses": [
        0.04409078393078339,
        0.04258532563700612,
        0.06962352734305872,
        0.06704949428656391,
        0.04709596916762529,
        0.04999604477776453,
        0.08885969933235717,
        0.09589470459995443,
        0.10358251039638901,
        0.10214069841277809,
        0.11623089246303815,
        0.14701909144223435,
        0.132601373479354,
        0.1472197615629816,
        0.1462595257167276,
        0.16304142237025168,
        0.1766062415370155,
        0.1775372501524802
    ],
    "std_val_losses": [
        0.07717686542903866,
        0.039903506173835104,
        0.03895307928678082,
        0.024172898608874248,
        0.018268431877930834,
        0.024785178793054002,
        0.020251449846027867,
        0.01903250103082867,
        0.025076409839677752,
        0.0252003370987844,
        0.03453295808216969,
        0.06445651973721325,
        0.03199214152872367,
        0.04094625304353204,
        0.02207060249560696,
        0.028905190123009815,
        0.029568862572720147,
        0.018781152577561275
    ]
}