{
    "train_sizes": [
        5,
        10,
        15,
        20,
        25,
        30,
        50,
        60,
        70,
        80,
        90,
        100,
        120,
        150,
        180,
        200,
        250,
        300
    ],
    "mean_val_losses": [
        0.13034388475120068,
        0.08666766347363591,
        0.0405384793675815,
        0.016154808741412126,
        0.00884603123459965,
        0.009000773396110162,
        0.06542958705080673,
        0.021097159441560508,
        0.015056556093789237,
        0.012692613360486575,
        0.009440077831580612,
        0.010937032201269174,
        0.03433723992323698,
        0.01967747674652158,
        0.037085096996668954,
        0.03149928660963011,
        0.019036011335721695,
        0.008222784519531567
    ],
    "std_val_losses": [
        0.1271075852702131,
        0.06999954309559647,
        0.06809031656331749,
        0.014534462417160625,
        0.006648033174756643,
        0.009460541407674536,
        0.12360834092392037,
        0.03758202340857308,
        0.020446311543234716,
        0.045248308016581695,
        0.01025609881560924,
        0.015211542841202276,
        0.07116960665191299,
        0.03071606941957401,
        0.041813783445894974,
        0.04331481766880948,
        0.024207376535205275,
        0.006857694744760957
    ]
}