{
    "train_sizes": [
        5,
        10,
        15,
        20,
        25,
        30,
        50,
        60,
        70,
        80,
        90,
        100,
        120,
        150,
        180,
        200,
        250,
        300
    ],
    "mean_val_losses": [
        0.10768260594457388,
        0.03023492600535974,
        0.013028299196933707,
        0.006436189130472485,
        0.0039016748000867663,
        0.0036427189522267632,
        0.044667161155375654,
        0.04487079440315331,
        0.017807178985094655,
        0.01927659518783912,
        0.010549551173527207,
        0.0057504818702582275,
        0.017932222605159042,
        0.021748004026384972,
        0.017538932835485764,
        0.012675197858564406,
        0.0073711721923225846,
        0.005268563890533159
    ],
    "std_val_losses": [
        0.10861170660511381,
        0.025966827048731135,
        0.01908844244490769,
        0.003561855107201303,
        0.0017096637659324073,
        0.0026243122982101182,
        0.12109897443290701,
        0.0727137941255993,
        0.021084768305878406,
        0.03335352671736726,
        0.012639679542152667,
        0.009396086701016947,
        0.03693684085735406,
        0.023077374853793377,
        0.010766353553929593,
        0.014326539453174946,
        0.004424458412953886,
        0.0018113857740347196
    ]
}