{
    "train_sizes": [
        5,
        10,
        15,
        20,
        25,
        30,
        50,
        60,
        70,
        80,
        90,
        100,
        120,
        150,
        180,
        200,
        250,
        300
    ],
    "mean_val_losses": [
        0.13968512944877148,
        0.03725133250001818,
        0.022859135942223174,
        0.010879454159585293,
        0.014722099964972585,
        0.010312877013736092,
        0.07117034799989778,
        0.03322111375697811,
        0.03176834652690949,
        0.009290765559780994,
        0.006656113115022891,
        0.004548825296660652,
        0.006803777093785659,
        0.04116788005699606,
        0.044411970263579334,
        0.050486494770620595,
        0.011463850184031068,
        0.00820934075444572
    ],
    "std_val_losses": [
        0.14238374765254688,
        0.03187218424364814,
        0.0247697493522994,
        0.01377492656488033,
        0.03215569077148362,
        0.015889830223668334,
        0.10306729089967927,
        0.04459634875752294,
        0.04763281980476688,
        0.01566532438678426,
        0.011668419850143096,
        0.004650885331965781,
        0.0074049265996031805,
        0.06957901528611406,
        0.05800321157350624,
        0.04334061500850985,
        0.009184181694704904,
        0.005761948393462076
    ]
}