{
    "train_sizes": [
        5,
        10,
        15,
        20,
        25,
        30,
        50,
        60,
        70,
        80,
        90,
        100,
        120,
        150,
        180,
        200,
        250,
        300
    ],
    "mean_val_losses": [
        0.0930696064606309,
        0.04503144585061818,
        0.011643190052515517,
        0.01144326062349137,
        0.004987578550353647,
        0.005621861719992012,
        0.09463731449551414,
        0.024093339338335986,
        0.015231968093763237,
        0.03148035644553602,
        0.01948636926141464,
        0.019180634522577747,
        0.20712712401640598,
        0.15588204860250218,
        0.04911048639581887,
        0.031067312899195967,
        0.014006979417279535,
        0.022021095017755968
    ],
    "std_val_losses": [
        0.10868126856945615,
        0.04627754011799633,
        0.01303276929851508,
        0.012505151549652292,
        0.004547641303200688,
        0.00838835787816548,
        0.10118747013924859,
        0.077779846447767,
        0.0198242318834296,
        0.025625420178664617,
        0.013452389481651547,
        0.013419366699373578,
        0.17294061713794914,
        0.11875903579877614,
        0.04027684424012354,
        0.025798652845488053,
        0.005809338429476023,
        0.018533443289508258
    ]
}