{
    "train_sizes": [
        5,
        10,
        15,
        20,
        25,
        30,
        50,
        60,
        70,
        80,
        90,
        100,
        120,
        150,
        180,
        200,
        250,
        300
    ],
    "mean_val_losses": [
        0.127317114174366,
        0.07013941390439868,
        0.025769445402547712,
        0.022295338513795285,
        0.01681819889927283,
        0.008571759736320626,
        0.05595038293558173,
        0.0293455157855836,
        0.030631133087112437,
        0.02674347080901498,
        0.016738194330181512,
        0.010137022469425574,
        0.022064048027386887,
        0.01598023576471725,
        0.03680971452284564,
        0.027437095353353882,
        0.01618527361313111,
        0.01274990252416915
    ],
    "std_val_losses": [
        0.13591647467813278,
        0.06498976479588464,
        0.01933407725731332,
        0.03383380756541426,
        0.031174020843250383,
        0.005415861769825597,
        0.08090202747018457,
        0.02616619035444471,
        0.020644359244030113,
        0.029608881154883457,
        0.027658474460030884,
        0.0044620780065574685,
        0.04951018288101563,
        0.011443402558207466,
        0.03611725178444487,
        0.029062671987088423,
        0.012464004100303834,
        0.005193487655493313
    ]
}