{
    "train_sizes": [
        5,
        10,
        15,
        20,
        25,
        30,
        50,
        60,
        70,
        80,
        90,
        100,
        120,
        150,
        180,
        200,
        250,
        300
    ],
    "mean_val_losses": [
        0.10929057598114014,
        0.051607573847286405,
        0.01667796007124707,
        0.0098197052848991,
        0.007327237761113793,
        0.007691612700000405,
        0.019813638574443758,
        0.021027211932814677,
        0.021187936490834024,
        0.020542759579548146,
        0.017187122053259778,
        0.019548411106690766,
        0.020456244059799546,
        0.014266199615444444,
        0.028211509259096296,
        0.05481080658513781,
        0.024180527224697587,
        0.03916404329420248
    ],
    "std_val_losses": [
        0.1140941026497423,
        0.044313135337061556,
        0.029126982205686266,
        0.006682630073509618,
        0.0020880467959593493,
        0.002570300254247727,
        0.013356091094749003,
        0.020302116769135847,
        0.03575031710479051,
        0.010703113967757121,
        0.01942302107592041,
        0.013315899885225418,
        0.017604254014513935,
        0.004001184764081676,
        0.017388835736128008,
        0.05599994951769961,
        0.013817575173855247,
        0.0318293935610018
    ]
}