{
    "train_sizes": [
        5,
        10,
        15,
        20,
        25,
        30,
        50,
        60,
        70,
        80,
        90,
        100,
        120,
        150,
        180,
        200,
        250,
        300
    ],
    "mean_val_losses": [
        0.09988366946578026,
        0.04998349288478494,
        0.019441522232567274,
        0.014090355759253725,
        0.013954968152567743,
        0.012288768632182232,
        0.04059160837857054,
        0.040732884707006936,
        0.045718149394129534,
        0.03552373473590706,
        0.03201854158141133,
        0.03770012384653092,
        0.035512908523669465,
        0.04070812973425103,
        0.025501120157057612,
        0.021083837388247754,
        0.01952328219850397,
        0.020961446996998027
    ],
    "std_val_losses": [
        0.1033925362385251,
        0.03587833858793315,
        0.013505161693662558,
        0.007678673893882033,
        0.007153516418252118,
        0.0022676874622085444,
        0.030217245534201284,
        0.03237447163212716,
        0.04018593442629879,
        0.026944659748588767,
        0.023211436271695345,
        0.02405347034933718,
        0.0237304688085783,
        0.0269520499235489,
        0.010995266634279731,
        0.013404653972760437,
        0.006893350904364025,
        0.012092460678978015
    ]
}