{
    "train_sizes": [
        5,
        10,
        15,
        20,
        25,
        30,
        50,
        60,
        70,
        80,
        90,
        100,
        120,
        150,
        180,
        200,
        250,
        300
    ],
    "mean_val_losses": [
        0.1095563317462802,
        0.04893439798150211,
        0.015249485935394965,
        0.007841815967403819,
        0.007333493299782278,
        0.005332595458991515,
        0.03201401587133296,
        0.015595332159039875,
        0.012888809494324957,
        0.012787360024085502,
        0.031807912855680714,
        0.034672062406898484,
        0.015607380408182507,
        0.026442981039091908,
        0.03560025359616815,
        0.041758427564102536,
        0.030898917095444806,
        0.011783131333114608
    ],
    "std_val_losses": [
        0.14567778264936165,
        0.06559351685147635,
        0.021626012041208988,
        0.0033484461914600233,
        0.00412965077688151,
        0.0021113817593689612,
        0.034831894444916134,
        0.017105291122680104,
        0.0338245364396006,
        0.01537186148829375,
        0.03167582062161888,
        0.04148372499849289,
        0.01601995522998633,
        0.0423838043299315,
        0.06832831868265231,
        0.0380130454490341,
        0.030434203267544317,
        0.008379585522273435
    ]
}