{
    "train_sizes": [
        5,
        10,
        15,
        20,
        25,
        30,
        50,
        60,
        70,
        80,
        90,
        100,
        120,
        150,
        180,
        200,
        250,
        300
    ],
    "mean_val_losses": [
        0.12039324797689915,
        0.027754487469792366,
        0.02507367972594996,
        0.03399931827094406,
        0.03594389336369932,
        0.037103773687655724,
        0.040066058398690076,
        0.04658634632321386,
        0.04694835042148563,
        0.04884561026177835,
        0.05213774650616365,
        0.0452397877832409,
        0.05393304436545199,
        0.039988106990750415,
        0.04469339301168888,
        0.0415461174495231,
        0.036386715738240254,
        0.03647398723156323
    ],
    "std_val_losses": [
        0.17091263052845676,
        0.010215017981997034,
        0.010088493430886442,
        0.0072354862002535205,
        0.0080295915973543,
        0.00800934098090572,
        0.01688179621374939,
        0.023198267888743844,
        0.015326309533577845,
        0.019955847570549974,
        0.027859182505428213,
        0.01920595102679543,
        0.014084424946095154,
        0.01676941780112995,
        0.0172770351688623,
        0.019142070918991883,
        0.009831626653536003,
        0.009123886363788886
    ]
}