{
    "train_sizes": [
        5,
        10,
        15,
        20,
        25,
        30,
        50,
        60,
        70,
        80,
        90,
        100,
        120,
        150,
        180,
        200,
        250,
        300
    ],
    "mean_val_losses": [
        0.1362321550026536,
        0.05410448986571282,
        0.018940124873382348,
        0.008795777641353197,
        0.006517922700848431,
        0.005301302455094022,
        0.06419183247257024,
        0.03892560600031478,
        0.011842397583781606,
        0.018148972277558642,
        0.010380842063912295,
        0.007958767692791297,
        0.015504817275796086,
        0.013043673101672766,
        0.014970929178589863,
        0.014716640018839005,
        0.01706930366874678,
        0.010416432409267902
    ],
    "std_val_losses": [
        0.11701361210627811,
        0.04127949333650618,
        0.02274049256562168,
        0.006056782425230255,
        0.004218154764213357,
        0.0021576779631494744,
        0.11457704113814325,
        0.04448704199806764,
        0.005755471640422159,
        0.014460578514895838,
        0.0046423322729749784,
        0.0028784736617915568,
        0.015818381749679013,
        0.009218628500451987,
        0.011336569467184362,
        0.009049051015260295,
        0.0076608097131528365,
        0.0017715900134036237
    ]
}