{
    "train_sizes": [
        5,
        10,
        15,
        20,
        25,
        30,
        50,
        60,
        70,
        80,
        90,
        100,
        120,
        150,
        180,
        200,
        250,
        300
    ],
    "mean_val_losses": [
        0.11020891889929771,
        0.046677927942946555,
        0.020946354536960525,
        0.012909596915123984,
        0.0085484011573717,
        0.0038045180107777314,
        0.08336511269700714,
        0.0761684694895909,
        0.014279985526310546,
        0.056025124765292277,
        0.03348608622211032,
        0.021101203611120587,
        0.0194108941690259,
        0.0356704127667532,
        0.030907956421710944,
        0.029985379605957194,
        0.020660427724547438,
        0.012717991560953152
    ],
    "std_val_losses": [
        0.14468361108024788,
        0.034722150084872304,
        0.01624015431022681,
        0.011361513980934379,
        0.007872003425139539,
        0.002914453045036659,
        0.11142451661960491,
        0.09334766767478575,
        0.014929943248508241,
        0.10299017103292452,
        0.03022865411298066,
        0.03548976593672765,
        0.024527513179472785,
        0.06134678890690574,
        0.020203291043657638,
        0.021976757954002703,
        0.01704112606212395,
        0.0069200258093277895
    ]
}