{
    "train_sizes": [
        5,
        10,
        15,
        20,
        25,
        30,
        50,
        60,
        70,
        80,
        90,
        100,
        120,
        150,
        180,
        200,
        250,
        300
    ],
    "mean_val_losses": [
        0.23802097760140895,
        0.16434791278094052,
        0.07713181879371406,
        0.07436887048534117,
        0.038754051471361885,
        0.014607365395252902,
        0.03220761514466722,
        0.020874538394079233,
        0.012886653758801657,
        0.010632440077897628,
        0.00957489764602441,
        0.008772208375914487,
        0.014060605038054444,
        0.014509740348905327,
        0.016903662115771677,
        0.014726333125532618,
        0.015994762856071792,
        0.015162217329143458
    ],
    "std_val_losses": [
        0.16037902935930437,
        0.19417468694795956,
        0.06668041688496323,
        0.13273408163441,
        0.04470654177040698,
        0.008993473333458743,
        0.03524266311958929,
        0.018158842926039406,
        0.01242903943180988,
        0.004351846698254309,
        0.002871638599418233,
        0.0036486630165139516,
        0.009705546827737834,
        0.004319415754837313,
        0.005615493881313468,
        0.004351768957259042,
        0.0027395806494569705,
        0.0037276477048418318
    ]
}