{
    "train_sizes": [
        5,
        10,
        15,
        20,
        25,
        30,
        50,
        60,
        70,
        80,
        90,
        100,
        120,
        150,
        180,
        200,
        250,
        300
    ],
    "mean_val_losses": [
        0.2285764742642641,
        0.11819515938870609,
        0.06166645496307562,
        0.02403561660903506,
        0.10837311747297644,
        0.07796667093896152,
        0.03091796343738679,
        0.014288736448991889,
        0.040577636858381866,
        0.016792630433628802,
        0.01137198813912821,
        0.012928080607758604,
        0.011024794113715566,
        0.024933776759290288,
        0.011711470721581073,
        0.009307562716048323,
        0.00945275071699507,
        0.01066222370154115
    ],
    "std_val_losses": [
        0.15222891999612698,
        0.09063151233379407,
        0.09010618088535426,
        0.0328886274104587,
        0.1592137607148738,
        0.10657409153658405,
        0.043703475490218094,
        0.013028730616409887,
        0.06618029002068726,
        0.034693355300442236,
        0.011632807366718598,
        0.01855592141383902,
        0.014622266658698554,
        0.04092283551419579,
        0.010516539192884155,
        0.005123447861974347,
        0.008048068693323826,
        0.01218477573270603
    ]
}