{
    "train_sizes": [
        5,
        10,
        15,
        20,
        25,
        30,
        50,
        60,
        70,
        80,
        90,
        100,
        120,
        150,
        180,
        200,
        250,
        300
    ],
    "mean_val_losses": [
        0.18207990542054175,
        0.07608339925296605,
        0.029187911728707452,
        0.013856367009575479,
        0.010663099771831186,
        0.011091566980758217,
        0.010601943089044653,
        0.007099619831472713,
        0.0071473749826795295,
        0.008891747358611611,
        0.007846726116711378,
        0.007839943818631581,
        0.00833191477424407,
        0.007819097369948092,
        0.010285027436151622,
        0.007809481112068397,
        0.007449141807189859,
        0.007341731410558963
    ],
    "std_val_losses": [
        0.16045098575247638,
        0.06449527016861366,
        0.016417023059083134,
        0.007087191962814842,
        0.005233330179052113,
        0.008979970483044957,
        0.00656156853810983,
        0.0025431503552590497,
        0.0024682654543444716,
        0.006786003670415227,
        0.003459436277355069,
        0.0021642750303093104,
        0.00327773355734783,
        0.0015756325068289683,
        0.004203044820833469,
        0.0026554867146753067,
        0.0015299222421676826,
        0.0016819640220718292
    ]
}