{
    "train_sizes": [
        5,
        10,
        15,
        20,
        25,
        30,
        50,
        60,
        70,
        80,
        90,
        100,
        120,
        150,
        180,
        200,
        250,
        300
    ],
    "mean_val_losses": [
        0.22464751817286013,
        0.20664776785299183,
        0.06363370882347225,
        0.032951641335966994,
        0.03974091575015336,
        0.024096939077135174,
        0.026456747269257903,
        0.0549178927539227,
        0.016363064341962205,
        0.01617035853683774,
        0.01773737032056993,
        0.006529035201412624,
        0.007144262160460736,
        0.011087309827814655,
        0.01836223667958041,
        0.009707836551664172,
        0.014107439903750787,
        0.008990112400677883
    ],
    "std_val_losses": [
        0.11810796702195198,
        0.4105578633854507,
        0.0651413095362327,
        0.03201930228135203,
        0.0645935509988262,
        0.02897246421061596,
        0.018632420752407296,
        0.07980179617437724,
        0.013091421882862256,
        0.01915342908582705,
        0.03379124621148871,
        0.004434940372398305,
        0.003981553054999728,
        0.024413242809793297,
        0.02726249590374864,
        0.006477314611084736,
        0.006591931645734422,
        0.003565099845717125
    ]
}