{
    "train_sizes": [
        5,
        10,
        15,
        20,
        25,
        30,
        50,
        60,
        70,
        80,
        90,
        100,
        120,
        150,
        180,
        200,
        250,
        300
    ],
    "mean_val_losses": [
        0.2733535322546959,
        0.14236743649467826,
        0.07278166866240401,
        0.04357969220203813,
        0.02595778661733493,
        0.01786616172680321,
        0.017697800354217183,
        0.012507812022231522,
        0.010800775899842846,
        0.010102151244827837,
        0.0194281424808691,
        0.01816024433117127,
        0.02501420024098479,
        0.007396098889837352,
        0.009860032517055958,
        0.007586617197091158,
        0.007175193483151881,
        0.007314825132182323
    ],
    "std_val_losses": [
        0.1980634528422214,
        0.12024343105718455,
        0.05846316184976175,
        0.035656312920158126,
        0.01845673948726622,
        0.016827445073233485,
        0.010796375090988427,
        0.011435816970259857,
        0.008569262854295445,
        0.0066161636810198885,
        0.04036058449109377,
        0.019666095904759175,
        0.05369149689771581,
        0.004493955464737113,
        0.007118749218463945,
        0.0038025567699250893,
        0.0032310248517084914,
        0.003392706824061059
    ]
}