{
    "train_sizes": [
        5,
        10,
        15,
        20,
        25,
        30,
        50,
        60,
        70,
        80,
        90,
        100,
        120,
        150,
        180,
        200,
        250,
        300
    ],
    "mean_val_losses": [
        0.22971310690045357,
        0.12875151908025145,
        0.05197397949484487,
        0.035001939877693074,
        0.027087617703946302,
        0.033210896346330024,
        0.022632880080607723,
        0.01454097373605085,
        0.010763644956917104,
        0.011566182958049467,
        0.008711848572840809,
        0.005436327377974521,
        0.007911457665322813,
        0.008887160722127495,
        0.008179318975134166,
        0.0070313285462745515,
        0.007268178450252151,
        0.006290536600257425
    ],
    "std_val_losses": [
        0.13648106022539627,
        0.14940026283297117,
        0.03281891191219055,
        0.02935356926650848,
        0.02427297635474226,
        0.057166123584072644,
        0.016862226063857993,
        0.009899193224464888,
        0.00882962203319588,
        0.017553559553105783,
        0.006957126779237929,
        0.002052808037333586,
        0.004864798093482021,
        0.004516090113200032,
        0.0034473697741356254,
        0.0030801678401961973,
        0.003532727139435477,
        0.0031688407185376443
    ]
}