{
    "train_sizes": [
        5,
        10,
        15,
        20,
        25,
        30,
        50,
        60,
        70,
        80,
        90,
        100,
        120,
        150,
        180,
        200,
        250,
        300
    ],
    "mean_val_losses": [
        0.308548743724823,
        0.17564969785511494,
        0.06624007270981869,
        0.05779477202217095,
        0.04733902127086185,
        0.1040596445851649,
        0.047292528190882886,
        0.036653172532581574,
        0.016707066211175903,
        0.023061451073444914,
        0.02228570983515561,
        0.01197099158645142,
        0.01761434336428162,
        0.010549160738145777,
        0.007407070742737132,
        0.009644229396942719,
        0.006952888597099899,
        0.007351172296347398
    ],
    "std_val_losses": [
        0.2584353789656473,
        0.17954995854602654,
        0.057751710073579085,
        0.07224502026955412,
        0.08977273102248966,
        0.10613960424037529,
        0.05547824223165671,
        0.06952779833370315,
        0.01729793020989103,
        0.017893414953691726,
        0.04956597859283047,
        0.02420374904423033,
        0.04097902877082098,
        0.011722587620083156,
        0.0030045034504455176,
        0.010113318994759538,
        0.0044703753968417205,
        0.010336565704840525
    ]
}