{
    "train_sizes": [
        5,
        10,
        15,
        20,
        25,
        30,
        50,
        60,
        70,
        80,
        90,
        100,
        120,
        150,
        180,
        200,
        250,
        300
    ],
    "mean_val_losses": [
        0.17927061185240745,
        0.058136798534542324,
        0.023055748942618567,
        0.022534812209196387,
        0.02193063285062089,
        0.022481530029714727,
        0.02977761214470956,
        0.025590815445175396,
        0.020682415110474847,
        0.020059723849626607,
        0.01813139034538633,
        0.015375442145857959,
        0.01761795302974254,
        0.016490312793408516,
        0.016368018346603196,
        0.014593870102922662,
        0.015134896217671483,
        0.013588543797027343
    ],
    "std_val_losses": [
        0.19451676092762857,
        0.06059929155062665,
        0.012679670350597232,
        0.007416356870414327,
        0.008019184101420511,
        0.009598964336546735,
        0.007099166967122424,
        0.00966626405433034,
        0.008415598964199546,
        0.008985671993601228,
        0.006553233899229511,
        0.0028932094144317527,
        0.007429001071523111,
        0.003923268371312608,
        0.0029070914258317406,
        0.002992279441392364,
        0.003660375178571455,
        0.0026449028312586415
    ]
}