{
    "train_sizes": [
        5,
        10,
        15,
        20,
        25,
        30,
        50,
        60,
        70,
        80,
        90,
        100,
        120,
        150,
        180,
        200,
        250,
        300
    ],
    "mean_val_losses": [
        0.2199473287910223,
        0.19327277082949876,
        0.07062633987826607,
        0.035443173760431816,
        0.02289679068000987,
        0.018877532602249024,
        0.014163790758117103,
        0.009221280726099696,
        0.008165323322505823,
        0.0071401897675241344,
        0.0066237095882792744,
        0.004905508882191498,
        0.008188796907367457,
        0.006863788766087964,
        0.00790658119410466,
        0.009069382674415635,
        0.006438710157585343,
        0.00597556624963965
    ],
    "std_val_losses": [
        0.15939773621810654,
        0.21471827384099268,
        0.07067287408145215,
        0.032018383466403816,
        0.02072466921743738,
        0.025199077693477054,
        0.010423004354811796,
        0.004811047017570511,
        0.005487552195499951,
        0.0038271342967147043,
        0.0046383816550502185,
        0.0022698353323113776,
        0.010481260214642987,
        0.003112688916071577,
        0.0036442319341360176,
        0.008343166424510636,
        0.0033177667548925658,
        0.003040828979223539
    ]
}