{
    "train_sizes": [
        5,
        10,
        15,
        20,
        25,
        30,
        50,
        60,
        70,
        80,
        90,
        100,
        120,
        150,
        180,
        200,
        250,
        300
    ],
    "mean_val_losses": [
        0.23714516915380954,
        0.1753539487719536,
        0.05751403314061462,
        0.04008959442493506,
        0.014305098722921683,
        0.017346930676721967,
        0.02266847035905812,
        0.013660125882015563,
        0.013012468129995146,
        0.019465403511057956,
        0.028646135061280803,
        0.017210988145845475,
        0.02645385788161851,
        0.020622312677674923,
        0.01849471516347781,
        0.011443097170284092,
        0.010736059888767252,
        0.009840487828091066
    ],
    "std_val_losses": [
        0.17867827887528365,
        0.15048665676898937,
        0.03375171164839258,
        0.05044911282404518,
        0.008529896328504462,
        0.009776367686632202,
        0.009534423615112314,
        0.0047609543185955705,
        0.008715458404073558,
        0.03141041023663668,
        0.03105737462545414,
        0.015793983522138965,
        0.02308083714516682,
        0.017312356824724567,
        0.010492394168415685,
        0.003280223781313866,
        0.003603666815557141,
        0.003038626625902351
    ]
}