{
    "train_sizes": [
        5,
        10,
        15,
        20,
        25,
        30,
        50,
        60,
        70,
        80,
        90,
        100,
        120,
        150,
        180,
        200,
        250,
        300
    ],
    "mean_val_losses": [
        0.1868751896172762,
        0.11383531694300472,
        0.06535581345049044,
        0.03350368256389629,
        0.02455047924653627,
        0.022498428473287882,
        0.014441619320656175,
        0.009913762168725951,
        0.007528127496978934,
        0.012605110234871972,
        0.007154498835055467,
        0.005168427447642898,
        0.005937101305389661,
        0.006453352871059906,
        0.008606508430445073,
        0.006485550585051669,
        0.006587531424258486,
        0.004659307498062859
    ],
    "std_val_losses": [
        0.13671488516875466,
        0.0642623032353969,
        0.058109367287148904,
        0.042348386267018395,
        0.02332240363118794,
        0.03224102792391937,
        0.01978841824099252,
        0.00943945680612739,
        0.004840002217732598,
        0.02337232190468871,
        0.008573524138596444,
        0.0023772314603661172,
        0.003168836823193994,
        0.0031403870165224333,
        0.00815488379283116,
        0.007650818609112751,
        0.00395401050573627,
        0.001569939933407839
    ]
}